year,B_assets,B_current_assets,B_equity,B_inventory,B_long_term_liabilities,B_short_term_liabilities,B_cash,PL_revenue,PL_cost_of_sales,PL_profit_before_tax,PL_net_profit,PL_interest_payable,PL_interest_receivable,CFo_materials,CFo_wages,CFo_taxes,age,okved_section,region_name
2023,857341.85,384709.23,163806.39,42672.14,12634.29,5253.39,37966.41,1533547.38,835095.84,734490.94,775619.72,617.34,1091.2,383624.46,274268.85,43102.13,2,C,Санкт-Петербург
2023,152014.22,80312.49,48151.08,14255.77,2561.63,5703.42,11439.22,95912.4,74986.74,21421.45,13003.65,861.5,396.46,47805.47,12715.93,4837.11,11,M,Татарстан
2023,836607.63,360692.51,309852.14,65444.54,41328.81,106617.09,67992.97,1043309.75,942156.7,49694.9,46449.61,850.1,449.48,306189.29,257705.68,45039.26,11,H,Санкт-Петербург
2023,6037457.92,3041706.14,3903352.5,662515.32,162897.55,552607.04,268869.61,4881649.16,4065183.98,942613.16,809486.76,56128.97,13802.47,2970868.44,913426.98,331276.27,2,K,Нижегородская обл.
2023,111757.16,29722.69,54401.86,2099.95,2541.85,38665.4,3361.74,300243.83,247576.22,85039.14,61437.12,385.78,244.07,79726.75,63735.11,8658.13,31,O,Санкт-Петербург
2023,101997.46,59361.92,26493.05,13499.22,8456.06,6176.64,10526.76,113645.83,69071.02,42411.6,41373.29,27.36,529.64,60826.1,13726.09,6570.71,2,J,Челябинская обл.
2023,11035081.74,6071290.33,5278348.35,0.0,929244.28,1567498.51,558678.98,9565908.61,6772227.98,2613849.4,1459120.75,25625.63,6100.78,3939590.93,1940987.96,317626.93,2,H,Нижегородская обл.
2023,1341284.59,573314.27,314294.53,74306.82,186729.72,108164.0,11894.24,2030995.14,1667722.74,306293.93,219731.59,21355.52,315.24,778561.15,272907.11,80788.71,9,G,Москва
2023,68952.96,44742.67,37918.81,6305.95,2983.09,5946.13,10227.3,74690.08,61323.42,11538.94,7327.02,231.89,755.67,32754.56,11614.44,0.0,10,G,Санкт-Петербург
2023,538116.06,371642.07,195586.38,85725.24,3267.16,20125.53,26689.15,1685716.92,1519617.63,-65290.61,-54155.3,2409.21,309.57,814521.61,390668.91,154819.56,25,M,Москва
2023,75862.21,23431.26,31009.72,4260.05,1940.53,5524.7,2566.32,78375.65,59997.6,19965.29,12906.21,277.64,132.03,25829.47,7669.94,4781.79,2,H,Татарстан
2023,53903.76,23480.01,31215.43,1586.19,16871.0,4116.27,3976.58,39948.3,32780.87,5478.51,4557.94,23.61,1.14,13519.35,6398.21,1384.33,0,F,Свердловская обл.
2023,555422.26,241402.43,147487.03,24430.06,40300.58,81737.94,15326.73,282385.15,220722.8,38926.63,29491.89,7696.34,1.68,136945.64,48542.08,7767.54,6,C,Свердловская обл.
2023,1107.7,453.07,279.52,88.75,109.62,375.4,17.91,1627.25,1108.66,579.88,418.95,2.83,0.77,405.62,286.4,65.23,4,H,Челябинская обл.
2023,3672.01,2476.48,1285.09,430.1,2.17,176.02,285.35,4136.19,2293.19,1619.23,1338.51,13.88,12.27,1495.55,527.2,266.11,5,H,Москва
2023,42347.07,22059.69,23062.44,2948.72,2473.88,219.1,0.0,30921.35,25451.39,4946.35,3698.71,24.78,0.0,22389.18,7863.71,375.95,6,K,Краснодарский край
2023,10641.29,5430.49,2529.21,768.6,32.56,875.69,449.24,28770.62,22941.54,7938.6,5155.04,19.25,35.84,9298.63,2452.79,1357.06,0,H,Санкт-Петербург
2023,308801.08,77021.36,24747.73,18153.43,20805.32,29136.3,8834.53,643112.63,461872.24,135926.17,151716.0,3576.89,33.25,343923.95,143378.28,54930.07,8,C,Санкт-Петербург
2023,15272.9,9855.8,5587.76,1365.86,3097.85,338.06,825.94,22465.29,13885.41,6858.37,4948.59,529.84,6.54,8119.07,4734.63,613.78,3,H,Ростовская обл.
2023,5412.63,1970.8,2631.67,340.86,1496.14,928.19,14.57,15972.98,13464.8,2723.25,1399.44,56.28,1.02,7521.75,3914.09,824.33,7,O,Самарская обл.
2023,7429525.62,4153029.75,4190485.81,1468490.25,462253.78,3740014.38,812543.08,15436425.79,11629926.57,4693698.04,3186777.64,371571.89,4755.48,7493390.14,1089636.38,1452045.86,7,F,Татарстан
2023,77920.88,46098.5,28395.98,3047.36,3820.41,27253.06,4896.23,77035.47,64377.58,6593.89,4140.48,328.91,168.39,41051.87,8208.78,4825.74,6,K,Челябинская обл.
2023,191283.93,144246.98,70895.33,4594.64,44389.09,5039.17,26811.06,169719.79,164018.03,9161.41,8054.14,4067.94,608.08,67883.61,38118.58,8913.42,1,J,Башкортостан
2023,8785.08,3107.08,4906.19,754.05,786.91,2195.24,262.23,19728.14,11163.31,9137.94,7480.3,159.76,0.68,12209.52,1107.7,1186.31,1,M,Челябинская обл.
2023,70073.93,6802.3,13708.63,855.11,376.16,10250.96,321.06,127451.3,90495.51,23833.66,19730.59,113.77,3.23,46018.38,8880.43,5350.75,1,F,Москва
2023,244801.65,141391.91,91403.43,21850.85,12276.23,17768.35,16422.79,397550.58,301765.72,111657.1,82134.66,541.19,362.0,176282.69,49926.24,30210.91,8,O,Самарская обл.
2023,9264.24,7597.39,4102.68,892.75,203.63,864.75,661.37,9051.34,8376.86,1071.21,799.63,7.55,37.95,4023.57,1444.59,380.28,39,J,Самарская обл.
2023,431599.97,317589.37,204537.92,50565.3,21908.33,98117.76,9316.27,872596.24,537833.15,321159.94,236209.37,2897.63,343.61,268587.9,200357.92,9438.32,8,N,Ростовская обл.
2023,43584.58,25342.21,15639.16,7802.44,2119.34,3421.49,4769.08,44565.23,43388.09,3967.7,3056.15,63.09,139.15,17443.4,6271.96,1879.49,9,G,Челябинская обл.
2023,57752.84,27505.06,24494.88,6715.92,4031.7,3237.44,1723.57,81873.82,64973.88,21552.23,18971.14,375.39,35.43,35709.38,9791.13,2510.69,4,M,Краснодарский край
2023,33473.87,22463.26,4063.75,5592.85,1181.64,2730.39,0.0,102949.37,79312.19,24167.98,19825.69,1017.9,0.0,38790.08,17045.28,4568.49,0,M,Татарстан
2023,10120971.74,4088549.42,3451354.5,272713.75,145296.85,1051080.1,734671.3,10850298.2,8248331.84,2357050.5,1979954.33,722.72,2798.56,7205600.53,1882307.82,486292.12,18,G,Москва
2023,177375.44,110230.62,84150.64,9690.12,9941.74,4460.98,7687.72,120514.97,88744.05,25908.9,21762.1,560.65,121.33,40509.62,20736.05,8911.9,26,G,Свердловская обл.
2023,14043.03,8788.42,4242.75,0.0,1992.03,3895.6,558.33,12377.16,10951.45,1402.46,1242.76,250.97,0.48,6658.2,1746.43,790.97,5,K,Москва
2023,1100644.35,780391.5,470061.11,89939.76,96036.11,148115.67,0.0,2699442.3,1817123.98,959219.89,781359.42,29979.87,0.0,1364962.15,141034.24,149185.51,5,C,Санкт-Петербург
2023,12333.65,11716.97,5841.52,3005.83,407.55,1484.67,2395.61,20898.91,17023.03,3537.14,2911.28,66.72,40.71,8748.57,2175.98,1043.71,11,M,Нижегородская обл.
2023,189933.5,115643.37,71964.68,25598.32,41655.41,2388.62,2617.14,265664.79,197012.18,39462.68,36410.5,1727.86,42.58,88593.65,58715.52,7657.21,0,C,Санкт-Петербург
2023,781.73,370.27,344.32,60.09,152.14,86.94,38.33,904.12,636.31,325.17,227.68,7.63,0.05,310.27,144.08,5.77,15,F,Ростовская обл.
2023,6290.97,3435.9,1915.42,612.33,118.22,97.33,531.73,11962.72,11723.47,353.03,239.11,3.38,14.19,4404.71,1601.5,625.21,15,K,Самарская обл.
2023,364500.27,103750.85,144052.93,12957.36,1172.68,3585.24,13000.29,355659.88,292318.66,56590.36,36087.07,13.72,311.15,85865.5,73233.37,23435.43,2,C,Татарстан
2023,1708873.19,761803.76,842860.59,149603.56,184848.11,153658.61,73453.68,2970311.96,2499002.33,598611.02,480055.96,8891.9,179.2,949470.49,277706.85,142079.89,34,Q,Башкортостан
2023,217674.35,106357.35,95523.51,25660.87,30613.68,13464.79,0.0,225286.49,201356.03,41104.48,22917.89,119.07,0.0,61222.13,31254.58,8854.42,34,N,Москва
2023,168465.04,79412.19,58898.12,4028.51,46331.88,17965.8,4083.1,160436.56,102336.86,35623.24,29761.74,2570.63,12.82,88976.11,25170.56,9512.29,18,J,Башкортостан
2023,75787.47,43415.1,33869.87,8855.46,13373.69,849.94,4830.71,82202.79,78522.5,5465.17,4191.22,261.11,279.68,39609.1,10516.3,3973.14,7,M,Самарская обл.
2023,3834.93,1636.12,1939.53,416.55,281.52,259.48,86.34,4741.95,2508.98,1894.71,1735.85,20.63,0.0,2364.32,735.18,396.97,0,N,Санкт-Петербург
2023,35083.54,25195.41,6104.78,3698.48,2119.42,808.8,2826.96,51076.13,35912.82,16437.94,11496.2,21.11,181.44,24459.5,7182.09,3813.07,7,G,Санкт-Петербург
2023,62573.67,34417.46,34984.25,8124.45,141.35,32667.47,4849.58,105011.78,77088.82,28594.66,21606.18,4425.18,2.9,45858.31,8404.39,7265.78,0,N,Санкт-Петербург
2023,1425292.93,781922.76,541111.65,316813.49,32295.3,140864.23,123348.45,336281.97,281862.24,65108.89,59552.79,19473.92,5247.4,190358.47,53493.68,21910.34,0,F,Самарская обл.
2023,598395.88,299686.11,281879.64,51441.89,29463.72,83508.45,7920.48,596111.23,478004.8,103226.07,97649.42,1190.26,106.67,213958.47,49824.41,14423.9,3,G,Башкортостан
2023,3000.18,1719.94,1691.11,363.71,237.67,141.73,398.68,3679.9,2808.94,526.3,367.56,7.98,16.03,1584.81,582.46,232.79,7,J,Санкт-Петербург
2023,303319.24,204365.81,77467.48,24719.15,19770.45,3622.79,29847.37,960368.3,747935.08,-66842.26,-168986.94,1111.89,460.01,475099.85,210039.07,55246.65,0,K,Нижегородская обл.
2023,69984.94,29388.81,23435.65,5716.13,7599.04,31277.68,2935.86,60841.9,41506.21,20573.37,16774.09,195.51,6.48,17515.11,8271.39,3780.02,5,C,Москва
2023,34748.93,15681.58,13391.34,3400.11,912.31,1406.23,2593.3,56235.44,35443.89,23646.6,19504.62,50.76,113.5,41032.69,5141.37,3365.81,0,G,Свердловская обл.
2023,812111.44,409662.38,264707.38,80124.8,54073.65,53727.47,99107.35,2558439.36,2181456.3,227080.1,169967.39,1558.62,219.78,1081852.91,367521.37,151089.28,12,J,Краснодарский край
2023,1816472.99,632349.42,1141094.51,62238.6,13408.66,228752.09,8648.51,1405527.16,1193813.47,283891.76,265088.48,29921.4,662.28,610278.41,152361.17,146199.18,6,G,Москва
2023,1365065.93,583035.11,432981.64,114571.61,58300.86,4096.41,50423.35,2479830.83,2327195.84,72304.3,40001.31,5971.42,79.14,1353213.44,445688.71,120212.99,0,M,Краснодарский край
2023,19816.89,9483.71,7001.99,2816.43,2198.78,3952.51,0.0,19794.39,13875.84,6277.28,4579.05,266.69,0.0,10124.74,2822.69,1360.4,27,K,Самарская обл.
2023,106807.96,72753.14,47478.99,15706.74,10101.59,9857.75,8116.27,123805.97,105146.13,15503.45,12926.03,733.2,312.61,52469.94,29154.84,5024.07,0,G,Краснодарский край
2023,438554.17,258476.9,120927.83,66417.96,163900.06,17157.87,31514.45,437872.57,329117.86,112743.08,94125.47,24168.36,472.37,189604.49,91142.95,28817.63,4,C,Москва
2023,1668905.4,966360.46,621697.83,155621.76,43468.89,12734.58,94365.36,1726747.02,1552427.59,251321.78,236828.33,7572.18,693.36,465505.35,245795.49,118776.71,12,J,Москва
2023,61918.48,41958.11,28364.51,10069.61,3415.58,1317.62,2548.03,360241.56,317803.77,20336.72,18786.8,824.64,108.8,131255.25,66925.84,20637.71,14,H,Москва
2023,43533.66,23046.47,16545.26,4663.26,1392.3,11775.6,0.0,99063.64,79361.95,16333.99,12180.82,88.2,0.0,46730.4,12911.77,8260.42,0,F,Челябинская обл.
2023,14454.95,8796.85,5909.09,914.23,671.75,2009.42,1076.84,37408.8,27908.72,9846.04,9215.74,23.46,82.7,17372.25,5674.83,1208.85,18,G,Ростовская обл.
2023,4854.05,2594.57,1730.37,533.14,755.12,167.49,486.03,9260.99,8113.49,2259.55,1568.84,52.09,6.88,5020.54,1221.79,372.81,20,G,Москва
2023,1113014.07,656460.54,265190.7,66082.12,102635.47,9062.36,42367.24,743745.27,628234.53,83411.08,74378.2,4354.27,896.99,303410.81,140064.19,40346.4,6,C,Самарская обл.
2023,3452810.53,1597222.51,1583428.47,206632.0,591346.72,486087.98,201894.67,6275590.16,4465433.58,-752860.4,-3770534.61,1004.09,2732.77,1765143.71,1390980.88,424331.16,5,J,Санкт-Петербург
2023,92186.62,16978.69,58132.14,3313.33,1678.11,9398.45,100.37,235163.21,152202.36,106529.18,98624.0,35.43,0.89,123618.96,44665.12,12602.06,0,M,Москва
2023,2833661.59,1501438.62,1196395.15,305962.47,468441.82,176271.89,191332.5,2759004.66,2072417.28,673163.29,533611.46,70595.33,7981.06,1554999.68,541032.07,208898.54,4,J,Татарстан
2023,349332.58,266684.76,156162.74,22631.24,1722.14,18945.53,20373.93,844451.88,786641.87,45221.24,33472.15,2099.39,253.65,430522.22,165640.65,31047.29,2,M,Москва
2023,35995.59,24798.53,18110.34,6554.72,6319.74,1055.62,1345.44,76368.06,68322.59,5402.89,3223.2,163.01,22.56,30824.95,13560.13,2076.33,12,C,Санкт-Петербург
2023,396096.38,275211.58,106027.21,62131.9,12646.44,52640.51,14965.5,1491708.79,997605.99,489015.89,399655.45,7236.64,232.1,782309.68,138782.16,83778.19,4,H,Татарстан
2023,8781902.82,6458383.53,5482557.38,798396.51,265378.3,3719041.52,493312.68,10631290.64,7050929.85,2832598.63,1830351.4,179418.85,18456.21,8110516.46,2498869.73,515154.01,10,J,Башкортостан
2023,152280.8,85779.57,67655.23,4888.85,8742.4,3531.2,10546.25,131225.96,119083.41,11642.32,7972.94,1006.07,790.51,56626.0,31523.17,7986.05,1,K,Самарская обл.
2023,5535605.28,3208422.18,3408952.09,540322.79,1251038.16,603895.66,68243.81,6892176.03,4593197.05,2814817.1,1793349.54,51717.61,2249.75,1990641.91,953229.43,340831.57,0,K,Татарстан
2023,314.04,143.63,104.27,20.73,1.23,20.8,10.94,960.35,797.99,133.02,96.41,0.13,0.21,347.04,126.25,41.49,4,K,Челябинская обл.
2023,1095399.05,550535.59,699048.0,104079.43,38051.63,77795.4,53683.66,655023.47,470564.2,176575.27,137136.07,3293.99,2432.71,316080.0,118310.72,31769.46,2,K,Нижегородская обл.
2023,126835.1,81474.51,65068.77,12298.63,19704.31,4462.98,2774.83,67269.03,63347.55,-1800.22,-1463.28,738.55,85.27,17457.63,11942.99,3402.26,3,C,Санкт-Петербург
2023,67781.67,49520.11,32966.62,960.86,2734.43,14183.24,10290.28,105740.65,74331.19,33387.14,23636.07,677.22,19.3,46202.35,14793.4,4642.05,13,K,Челябинская обл.
2023,321139.18,169909.3,143896.98,25304.97,5705.75,25591.64,8289.92,383975.96,343403.59,45650.11,41464.63,174.61,25.01,175873.92,33597.4,17638.84,6,K,Ростовская обл.
2023,1459.93,704.38,569.63,109.57,64.59,137.34,42.15,2186.39,1745.8,447.55,337.91,48.02,0.05,1253.92,361.38,91.67,7,Q,Нижегородская обл.
2023,84645.28,46561.61,47745.34,10741.43,3298.0,3692.22,1923.07,202578.05,163119.79,37262.04,25542.13,97.83,35.21,111624.45,35972.15,13599.73,11,K,Нижегородская обл.
2023,357898.29,229119.69,156345.43,28443.84,70721.06,8617.85,47636.0,405031.23,236120.71,162981.71,131551.52,878.03,2497.83,205131.5,75453.7,21823.25,7,K,Ростовская обл.
2023,5946091.06,1982556.25,1093793.18,623105.48,682710.63,64094.11,264025.57,3477213.04,1946226.27,1618247.48,1643534.76,27939.58,2974.58,708419.91,582310.23,330804.83,5,H,Татарстан
2023,83062.52,17075.4,23750.7,462.21,4674.3,12481.11,747.98,344410.53,261043.69,82870.6,67972.07,660.89,10.88,176374.46,46992.83,18327.49,3,N,Башкортостан
2023,24181.58,11302.94,9616.98,3220.13,8616.8,633.89,1880.51,21910.75,17631.37,4624.44,3405.7,268.04,135.52,10748.35,4375.58,854.14,9,Q,Москва
2023,52818.66,19378.81,24148.69,3140.42,2645.19,7424.78,2171.24,46402.16,30972.52,15928.42,9504.56,744.14,118.12,20676.55,7113.1,4798.61,1,M,Башкортостан
2023,2186013.95,1035687.44,903281.47,257644.64,10493.31,129826.57,119554.79,5662920.67,3800559.68,2180454.97,1643344.64,5100.79,3922.96,1398615.62,717796.99,329992.7,2,J,Санкт-Петербург
2023,397724.38,209932.03,225221.97,39128.0,9678.49,25651.73,16654.2,489563.75,409347.39,96787.95,78223.18,1661.98,155.05,167588.74,69012.49,34172.77,7,C,Москва
2023,40050.12,19304.67,7444.03,5234.74,1835.34,3043.78,1062.43,57883.75,48407.34,10034.59,7360.27,313.83,3.97,17557.17,3629.4,3579.65,21,K,Нижегородская обл.
2023,553636.51,425120.94,242066.8,63347.71,7559.26,30454.75,51127.58,1051426.83,805630.47,325621.85,188910.77,48.17,24.83,229735.88,148133.33,65672.35,4,K,Татарстан
2023,203051.21,121630.05,40984.36,11203.39,47890.58,2584.02,8185.07,520739.42,446804.93,84877.01,57540.86,2133.74,27.79,218558.75,96035.72,31615.69,13,M,Самарская обл.
2023,1812913.55,1078812.56,926698.82,316782.89,211178.11,80608.71,225477.58,2289205.7,1516781.39,921790.71,879890.36,31452.33,2341.5,778828.5,382272.52,64002.32,9,C,Татарстан
2023,35001.85,22517.78,14304.03,3848.77,874.67,4577.63,536.88,111650.88,83113.64,31925.52,30395.65,4.78,12.93,76205.14,25236.81,6403.24,4,K,Ростовская обл.
2023,72869.71,27630.38,34274.5,5463.21,5209.09,9583.55,5309.71,37366.45,35303.36,-1378.21,-928.37,384.24,10.54,15063.27,5113.65,878.22,12,G,Санкт-Петербург
2023,76078.55,53701.32,24066.24,14970.86,7779.21,3078.32,5011.45,165945.59,130571.34,46200.83,39766.48,1415.15,22.02,91166.41,28935.21,7718.58,13,M,Москва
2023,4092.85,2204.56,2347.4,214.82,928.24,302.73,260.02,4012.76,3180.64,859.24,548.69,26.81,1.56,1055.72,760.97,142.4,1,G,Татарстан
2023,349371.55,227291.38,190409.93,51740.44,59644.3,9013.2,34091.31,1035118.95,1014416.57,18013.41,17086.04,2107.22,1022.35,379879.38,276524.63,59156.43,3,K,Нижегородская обл.
2023,171644.02,66807.53,84109.92,8872.6,9941.66,4864.94,4154.43,274910.32,175960.69,102816.91,83222.92,2955.56,119.22,118126.16,43226.42,15582.61,1,G,Ростовская обл.
2023,217006.36,68777.17,87769.94,11652.67,25869.11,607.19,10444.15,231244.13,198787.41,28467.96,25449.13,294.28,250.73,76122.01,22613.51,13787.45,5,C,Нижегородская обл.
2023,100456.36,67575.33,49181.71,12554.3,6637.09,27371.17,0.0,208751.38,197562.02,13558.99,7785.42,114.75,0.0,78862.08,40163.02,11637.04,19,J,Краснодарский край
2023,6380.34,3869.43,2138.52,232.1,410.66,181.16,219.79,14876.98,11120.75,3315.96,2856.09,58.06,3.06,5924.09,3619.37,563.29,1,C,Ростовская обл.
2023,23849.3,9890.12,12465.23,1164.0,232.53,738.85,440.67,49043.22,42469.61,9698.32,7555.76,98.52,1.34,19450.99,6565.54,2196.15,4,K,Краснодарский край
2023,129278.74,54238.96,79886.21,15625.48,1394.48,5087.65,1344.56,115252.19,78578.72,36018.91,31777.02,207.04,10.36,69786.57,22134.65,7884.16,16,O,Москва
2023,21003.2,15097.42,11519.69,3787.87,1266.96,343.5,1315.03,24598.02,17497.23,6630.25,5899.49,58.14,89.94,11261.53,5200.92,1755.24,6,Q,Москва
2023,151636.36,56346.28,50411.16,9859.97,3798.82,18553.12,6938.76,225754.67,184779.44,30534.91,24058.28,2019.17,811.15,105642.14,45343.56,6109.9,7,G,Санкт-Петербург
2023,327143.88,260537.7,151588.69,51964.21,556.44,3066.62,37037.93,478076.26,411077.06,73423.97,51976.86,243.03,1159.09,226591.64,74712.77,9265.81,15,M,Москва
2023,21840943.85,9061958.08,5783984.6,1417839.39,2242029.59,377684.47,1037164.71,47401747.94,42286798.39,5558409.72,4855624.09,40355.06,77376.26,22812690.24,5454818.34,1680970.85,6,G,Свердловская обл.
2023,183582.58,118550.06,89714.39,34204.86,485.04,22799.91,7119.93,100004.38,93700.39,8246.2,6372.51,19.84,219.86,41172.93,14594.24,7090.73,10,O,Свердловская обл.
2023,256977.88,128670.68,121826.12,21098.36,18595.99,12797.54,15715.96,453118.43,350376.25,79468.85,53662.59,1025.55,15.92,175776.13,78357.78,33665.65,0,M,Нижегородская обл.
2023,239928.11,153668.7,46935.23,30510.52,14871.28,35437.08,16512.8,309620.9,278461.02,6371.93,4266.52,4926.13,2840.03,135205.75,60503.37,9754.84,2,C,Челябинская обл.
2023,1268.85,594.31,356.02,161.46,352.01,124.12,92.81,1244.66,928.23,355.36,214.19,53.84,0.29,666.74,207.48,69.88,3,G,Краснодарский край
2023,162583.2,85450.65,62760.91,10066.97,8611.21,5769.94,12528.45,167326.42,145608.98,34138.43,24537.51,2249.73,431.38,89122.04,21920.53,14505.3,5,G,Башкортостан
2023,245633.49,136606.09,94297.92,41624.3,1291.33,31014.39,13910.4,329169.14,263581.82,48695.12,44425.68,3418.96,121.63,130337.86,58516.06,19192.61,26,M,Москва
2023,89237315.71,35665645.88,24528015.58,2053024.68,5727363.64,1323652.01,1646498.11,21993715.15,18135309.11,5606291.98,4492543.64,305874.57,24576.42,10926133.91,4244880.57,1724968.52,29,G,Санкт-Петербург
2023,105263.63,69592.28,49124.16,21599.45,15490.23,9710.64,4232.81,110589.28,90943.18,21215.98,15199.72,741.0,131.84,44295.6,18687.43,7738.43,15,K,Санкт-Петербург
2023,385908.92,182541.85,173727.25,27415.22,177830.71,26615.62,12232.61,371553.91,230188.61,141234.09,123803.36,15241.35,210.49,157311.12,40198.66,11813.94,3,J,Москва
2023,306890.18,158266.34,121739.56,25415.06,13815.49,11482.68,12832.87,597576.06,398934.5,186763.29,127018.23,1703.06,111.03,222685.32,84216.21,27608.24,26,Q,Свердловская обл.
2023,8612.93,3452.47,2836.28,99.43,266.04,957.43,400.77,8589.16,6787.62,1206.95,955.23,47.26,4.9,3451.43,1695.42,435.43,6,O,Нижегородская обл.
2023,3009807.71,498574.5,1642888.05,71603.49,571005.0,740604.92,71251.51,4032228.87,2464788.98,1766577.26,1339850.55,5992.62,893.2,2234391.11,326002.11,210009.24,4,G,Москва
2023,1461580.44,761988.88,904205.06,73772.32,24818.3,876948.26,73861.77,4714565.02,4069240.59,462492.09,403984.84,117445.63,7095.42,2023689.86,213763.56,322130.1,9,K,Челябинская обл.
2023,1638411.36,1494054.73,593060.06,196301.3,125256.76,184004.43,150850.95,4018476.49,3484644.38,377150.37,222795.02,9402.71,7252.28,1742123.09,905781.25,233769.63,0,M,Челябинская обл.
2023,23924.07,15973.88,8290.65,2699.83,996.0,1489.13,1734.74,56037.49,45542.62,13274.12,8999.54,56.1,31.93,15425.9,9838.54,0.0,0,N,Москва
2023,6573814.69,3596605.95,3148495.15,922972.99,22061.77,201284.56,248330.11,7638170.19,5101431.51,1817611.28,1060413.54,11090.08,1660.73,2971825.72,1377440.88,181354.56,11,C,Татарстан
2023,3471.95,1772.66,1309.05,348.52,118.5,123.82,78.84,6795.3,6238.18,39.45,29.55,13.57,3.94,2690.05,653.43,42.49,9,G,Башкортостан
2023,1152186.72,637585.43,464645.03,130458.99,28407.92,90268.61,0.0,1529151.09,1498568.06,29196.52,27017.62,1403.9,0.0,515454.89,285762.25,81820.75,3,G,Свердловская обл.
2023,27569908.02,17426052.96,14026421.69,1609443.22,2555515.72,1514327.9,1015782.72,37288250.73,29633259.33,8201794.57,5899930.86,369059.52,7201.12,15741851.84,6106414.71,2043759.81,5,H,Санкт-Петербург
2023,14979.68,5585.59,2859.28,611.84,3561.36,4406.28,717.13,27427.25,22793.52,5298.48,3808.12,136.41,9.8,10342.32,1941.4,1526.72,18,F,Санкт-Петербург
2023,31507.25,22595.37,18217.37,7318.59,786.52,1736.68,1306.58,34873.28,27904.69,6442.36,5698.95,26.07,83.22,14925.75,7714.46,1074.84,7,H,Москва
2023,204820.02,134629.67,87810.78,16314.95,27338.99,11490.85,11542.01,644602.07,536977.32,189178.82,171817.12,1012.58,48.93,278564.98,101804.69,40921.2,3,K,Москва
2023,51018.3,33556.15,18908.44,10486.19,232.44,2961.63,4294.71,70254.14,53958.28,15495.34,11921.67,209.44,16.8,22792.17,9146.79,4519.12,0,H,Самарская обл.
2023,3713.57,2286.71,1519.93,367.14,229.48,807.33,300.11,7547.18,5860.71,1599.38,1378.93,174.48,6.13,2868.91,989.44,187.9,3,K,Москва
2023,219253.45,121234.55,91097.95,21844.41,1283.29,27680.58,4270.85,677241.97,589587.73,60666.6,39479.72,2399.59,41.45,289681.74,33346.65,14004.85,29,C,Санкт-Петербург
2023,1385006.06,901540.86,293975.63,3207.82,4034.92,2120.22,1930.08,3460909.45,3391691.26,90659.7,85705.78,867.64,48.7,24961.33,8329.26,2317.85,4,N,Москва
2023,609284.97,389194.25,365200.89,109656.02,70868.93,29734.11,65244.92,449360.98,287587.83,175590.13,182235.3,762.21,1176.01,200267.57,73287.57,38571.19,5,O,Самарская обл.
2023,15186.96,7546.31,6453.84,1291.44,1303.4,3104.01,243.06,28300.66,21780.72,8223.04,6928.29,16.27,4.16,10012.96,3970.47,2377.11,4,J,Москва
2023,10470393.47,4857840.97,4954174.05,723529.53,1454700.11,49151.13,245659.99,23900784.97,15821219.05,6299812.77,3338146.08,61340.41,875.19,10991982.38,5112957.75,1464355.38,14,N,Санкт-Петербург
2023,32817.2,18550.85,17530.49,3256.16,2737.64,8058.74,3180.83,76468.9,71819.78,3708.57,2644.26,185.11,14.51,45174.38,6179.23,2707.0,12,C,Нижегородская обл.
2023,50340.43,39383.99,14974.29,8153.93,13982.46,4343.24,3591.38,43041.35,31042.55,12960.14,11061.98,1613.19,185.4,22022.99,5171.91,2915.49,8,M,Татарстан
2023,1488103.52,541869.0,709552.5,136174.01,149002.79,90699.36,0.0,1598370.84,1016052.25,629235.38,458978.15,13359.86,0.0,758830.8,171824.21,65455.71,5,C,Санкт-Петербург
2023,9257.52,3053.79,3590.83,550.72,1914.99,763.74,48.92,22707.95,19161.39,3553.99,3314.68,472.95,0.39,11185.0,3089.65,786.83,4,G,Санкт-Петербург
2023,262861.03,151069.95,137111.6,34672.2,15309.27,34724.83,12846.66,267935.24,255725.73,19476.24,16566.07,735.73,46.41,151114.25,41094.17,1907.88,22,G,Самарская обл.
2023,6456312.74,3600254.05,1063565.89,1119926.63,64306.44,9953.78,108790.46,8291329.61,7017447.96,938512.33,652475.3,2469.57,179.17,4374196.06,1421968.63,431544.17,23,J,Краснодарский край
2023,2796.92,1611.03,1141.45,339.13,168.07,688.79,121.14,9174.77,7344.22,2545.22,1995.13,29.8,3.41,4373.4,1217.05,343.16,23,G,Санкт-Петербург
2023,268138.14,157287.95,93221.31,32233.37,2910.35,19046.16,16034.53,390568.23,320622.96,89329.72,60095.67,300.1,604.42,205776.43,41451.87,20281.66,21,J,Москва
2023,295902.54,152839.48,139627.99,8939.14,21250.5,14914.21,28693.36,306937.18,282837.72,3459.04,2622.26,1612.63,401.57,95713.72,71915.49,1231.69,15,G,Москва
2023,1154561.17,893029.42,550039.07,0.0,60843.74,20613.76,73739.91,1110612.49,769188.08,281723.27,200995.13,2385.5,2518.41,299613.79,300511.76,59302.86,10,N,Челябинская обл.
2023,5317.41,1647.67,1781.78,347.77,414.5,369.37,270.8,9368.43,7202.59,1675.44,1543.03,23.2,10.14,4081.92,1472.38,12.91,13,J,Нижегородская обл.
2023,3892.64,1657.2,1302.24,285.72,3.14,320.36,307.78,2981.76,2190.79,892.05,922.31,7.29,25.29,1272.82,334.44,213.97,5,F,Самарская обл.
2023,968211.11,517520.25,393790.97,71840.81,16786.06,60058.75,96289.08,1276378.66,846511.52,347877.18,211598.87,65.6,193.75,466655.52,285618.71,77141.55,0,G,Ростовская обл.
2023,265235.47,80504.72,82860.34,16059.28,14343.01,36133.21,9425.92,467422.36,349240.45,110445.51,60658.22,1863.44,60.39,234919.59,36301.02,20766.04,5,N,Башкортостан
2023,226118.49,118400.58,117816.33,20739.96,54374.34,14822.72,0.0,645893.13,575343.58,85234.07,63974.93,1412.8,0.0,150954.03,86072.58,39563.79,28,G,Башкортостан
2023,202825.95,162102.66,76200.72,43803.77,7851.37,79222.8,20692.32,422471.61,353465.19,67608.76,40415.85,5.75,1257.0,154845.47,48666.26,12859.41,3,J,Самарская обл.
2023,24544.66,13576.46,1746.63,2537.29,1084.47,2693.49,2211.66,25622.27,21636.24,4317.69,3391.74,69.53,104.37,9518.79,2357.84,1318.2,14,J,Свердловская обл.
2023,195576.58,114335.07,73345.39,13748.35,19623.38,38666.53,10877.38,525926.61,417926.3,79973.61,69566.83,951.88,278.95,134831.71,71525.38,34656.19,0,G,Санкт-Петербург
2023,554202.67,200053.47,163697.47,51856.52,41047.26,7701.89,40945.95,711782.89,592439.94,140513.3,134793.99,1218.64,107.33,405341.21,76012.29,0.0,5,G,Свердловская обл.
2023,36940.6,16902.02,8283.82,2748.77,1049.53,2244.46,2562.18,29709.29,20794.75,8003.64,6436.26,23.29,24.54,8439.81,4475.19,1219.73,3,H,Свердловская обл.
2023,14048008.14,6935790.21,3814157.88,1540598.08,594531.28,692427.34,930064.52,19229776.49,14404045.07,4513613.23,3415998.96,45599.14,9861.18,6945141.35,2910597.02,952779.99,2,F,Нижегородская обл.
2023,1045821.28,525360.72,452975.54,74499.9,20541.33,105766.04,86780.58,3202356.95,2559325.03,681097.01,369559.02,7446.36,2141.76,1635757.45,380867.24,147545.8,0,G,Москва
2023,11117.45,8251.89,6441.86,1056.36,3007.96,2633.63,990.24,18013.76,14550.64,3555.96,2784.82,280.6,8.87,8729.55,2368.35,1425.65,1,C,Ростовская обл.
2023,762177.39,482956.49,348758.76,90184.14,8535.87,7461.13,0.0,1144176.29,929092.64,216455.52,170686.97,1302.47,0.0,353759.32,158419.85,31489.99,15,G,Свердловская обл.
2023,6724.24,2577.28,2334.79,466.55,250.12,60.8,180.54,22744.53,17426.1,4464.8,3824.88,9.35,7.11,11104.99,4332.66,854.67,1,G,Ростовская обл.
2023,2315171.4,1358949.39,1099031.55,296775.74,4848.65,527648.01,233508.38,1688442.15,1253259.12,-563030.54,-183721.21,19491.47,2489.4,758074.14,240735.6,19725.43,4,Q,Москва
2023,1942754.19,1213703.16,708928.8,192382.07,38970.93,55796.65,62559.75,1523952.2,1493473.16,30645.43,22303.55,7879.21,1130.13,995603.39,291433.13,122229.7,0,J,Татарстан
2023,12767.71,9205.8,4298.22,304.63,1548.75,1692.83,797.15,8490.91,7392.85,514.27,309.92,90.46,3.27,3909.16,1522.34,382.72,10,M,Москва
2023,2458867.54,1935328.18,692113.38,281354.31,44183.62,230977.73,72206.75,4419493.02,3629794.79,687490.16,347213.38,16637.88,3514.15,1793765.34,789217.75,182223.75,9,C,Башкортостан
2023,949677.79,377720.92,199223.92,91977.11,6340.09,203891.02,78201.59,1539740.73,1165089.71,404497.35,261701.84,5993.96,1955.74,514812.01,337807.26,75370.84,8,C,Свердловская обл.
2023,1924991.76,824611.36,718424.55,128812.47,99070.24,30869.09,165655.8,6210800.99,4564181.74,1249924.02,739406.18,3513.77,11522.53,2146301.67,584004.45,389570.73,2,M,Москва
2023,22101481.33,7986664.7,9701808.11,1280177.12,17715.24,368686.22,375116.6,37239952.36,28560062.06,10833442.59,8887815.62,27588.55,7698.87,12565619.82,4704927.04,2120713.55,4,J,Москва
2023,105340.79,54239.66,43021.72,14043.2,746.45,10286.85,5903.33,128396.37,103908.99,32638.07,23428.39,106.02,502.51,71530.89,30579.51,13219.39,8,F,Ростовская обл.
2023,31942.23,19802.71,11821.31,2436.57,4212.06,11214.82,1171.73,47694.99,28233.36,16492.26,11798.75,318.85,78.19,20117.6,6540.61,2817.76,14,G,Москва
2023,22112.37,15436.65,6777.67,873.34,2611.21,1422.64,2113.23,34987.5,21799.35,15563.14,10300.78,51.19,54.46,16672.41,323.42,1423.82,1,J,Краснодарский край
2023,23036.42,12407.58,11356.71,2073.92,4545.99,1094.48,1620.19,14897.54,10671.28,4119.31,1615.15,125.47,132.04,8512.82,2083.44,577.62,1,N,Свердловская обл.
2023,138483.44,69521.86,36274.93,9821.08,21356.2,15507.19,10338.06,801044.58,641407.56,176399.46,169519.4,482.64,121.02,147515.23,125561.32,33759.88,4,C,Санкт-Петербург
2023,374782.82,214662.0,192309.82,22045.85,34462.25,119886.54,25741.22,725080.17,548213.31,158861.27,104843.28,6683.97,351.48,397262.27,13881.18,14474.97,0,J,Ростовская обл.
2023,259247.28,110109.72,77705.21,18274.88,1114.8,56419.33,30403.98,429570.77,398560.97,50835.46,37135.79,4603.69,42.45,182799.41,93086.6,21821.03,6,K,Санкт-Петербург
2023,1183226.51,1021634.23,390118.98,224065.28,144558.15,709935.91,39153.7,2400860.07,1516768.13,932840.68,564753.82,65994.63,1044.99,1112810.25,274452.82,157662.95,7,Q,Самарская обл.
2023,101176.08,31248.32,24685.53,5601.48,15116.77,277.15,0.0,215200.01,151687.06,54752.67,49092.98,348.94,0.0,72556.77,35815.34,8120.08,3,M,Санкт-Петербург
2023,5982405.51,3456101.99,2152659.4,706974.99,768073.45,85967.44,264096.61,8319032.85,7753414.94,80950.23,64534.45,191660.12,11766.26,2865803.33,1153857.53,281619.22,1,G,Краснодарский край
2023,62428.71,53285.46,33526.56,17321.64,3547.2,7043.79,315.49,67925.04,53872.16,9093.33,6191.06,477.15,1.54,31849.0,5813.19,5455.66,27,K,Нижегородская обл.
2023,104986898.2,57849878.2,50590600.48,8826138.05,2226902.34,21644174.62,604662.19,211359591.17,183562477.77,29783278.25,21829131.0,608505.53,10653.06,139171789.91,20390830.59,4537961.62,10,M,Башкортостан
2023,820883.61,428086.0,441151.6,86588.05,122571.8,33079.76,17089.67,1485099.06,1455397.08,72210.82,70866.37,14048.2,99.79,772743.57,153330.33,12836.65,18,K,Москва
2023,28990.02,14390.16,13992.24,2004.02,3012.36,951.1,642.79,28847.01,20499.25,9286.68,7162.29,259.38,20.92,15766.4,5892.97,777.2,5,M,Санкт-Петербург
2023,14739.17,7707.72,4238.39,865.51,4658.55,2735.03,329.3,44702.36,34423.88,10014.78,7593.12,511.41,1.7,17916.7,6375.59,857.9,7,O,Челябинская обл.
2023,339432.66,256586.4,129088.04,34179.2,4595.61,2363.82,33636.72,586370.36,441394.57,111054.36,74077.06,75.97,2366.46,211081.35,72655.23,33847.95,3,C,Ростовская обл.
2023,69179.14,15096.32,22578.42,2139.14,1415.41,3827.45,1051.14,148652.15,86893.23,56689.32,31329.37,165.6,8.27,50827.07,15351.24,6360.22,1,C,Москва
2023,1286238.46,1003285.36,745592.55,209443.91,24490.09,108790.1,89522.28,3848496.21,2882370.95,1187865.73,903722.73,13189.79,925.12,1428456.45,807443.41,175515.52,4,M,Санкт-Петербург
2023,395674.76,133107.53,109358.71,48973.73,49785.88,39018.59,20452.5,596773.1,518062.44,64250.0,52624.49,3113.73,1167.74,128140.17,133205.76,43599.46,3,G,Санкт-Петербург
2023,126821.74,64679.36,66865.97,7937.23,2099.26,19848.37,3494.02,221685.23,184898.55,38376.36,34997.32,1262.3,64.29,77037.41,46384.8,8019.09,7,C,Нижегородская обл.
2023,23110.25,11222.64,12182.67,1646.02,127.54,1215.41,944.13,51691.31,43519.34,5391.88,2750.83,59.53,0.69,18813.81,9026.43,3385.87,17,G,Санкт-Петербург
2023,2758.32,1760.59,1764.1,308.02,1379.16,313.96,214.7,2863.92,2126.32,785.8,506.83,156.4,4.4,1152.63,471.09,229.76,0,M,Санкт-Петербург
2023,55013.03,17069.52,20400.9,3613.0,110.6,5811.9,0.0,84318.04,60235.99,22152.5,15735.16,99.16,0.0,36524.47,7521.43,3447.49,2,C,Москва
2023,928002.16,574735.77,469085.29,115570.21,133876.56,88333.64,0.0,1474108.02,1336906.25,214350.15,167103.58,9519.32,0.0,672554.54,202998.01,95434.43,0,K,Татарстан
2023,232076.9,198111.62,161014.54,56011.64,8442.18,28489.61,23925.35,214656.59,156756.9,66202.15,50485.5,242.86,636.66,89835.39,24858.73,9694.67,6,C,Москва
2023,7955.25,2748.73,2751.59,0.0,1172.75,286.73,356.02,37812.92,30606.08,6269.63,4798.76,85.52,3.17,13682.82,2220.54,2589.5,0,C,Краснодарский край
2023,155601.6,90008.67,36690.11,0.0,10068.4,1651.51,20148.73,114852.9,91461.21,22664.31,18788.06,771.55,501.38,25688.47,23298.16,2132.84,1,G,Москва
2023,36275108.67,16349288.45,7051837.45,30783.32,90296.78,7417.9,24017.24,28277879.13,26190171.43,1308487.78,878786.71,213.91,57.63,137525.96,43711.75,6484.1,0,C,Башкортостан
2023,17755.76,10899.96,8975.99,2918.83,3702.15,541.95,1626.1,51101.97,44823.65,2651.53,2365.42,239.02,78.49,16493.41,10721.05,2155.21,4,N,Татарстан
2023,282112.09,155971.92,54735.94,8539.18,206.28,23478.83,13767.9,601205.98,391068.94,184362.06,153391.87,634.3,1071.69,280526.72,116686.46,19371.76,5,N,Татарстан
2023,201329.07,91358.5,75563.17,0.0,1262.85,44341.18,10765.1,179820.36,118905.26,62697.28,46497.56,302.13,670.13,91875.39,31978.52,7132.72,2,M,Москва
2023,14070.23,8768.3,6647.87,1978.96,324.36,2040.12,1753.97,28437.41,23827.45,5072.44,4930.96,64.38,22.0,14612.77,5137.05,1297.02,4,G,Ростовская обл.
2023,413344.12,339211.77,182789.48,67670.23,36592.21,77184.06,0.0,1284603.89,993726.2,300418.96,290436.01,1228.56,0.0,636772.08,153168.85,82728.84,4,H,Ростовская обл.
2023,581368.25,303104.73,273855.48,28123.07,101934.3,30158.01,37832.62,854274.74,627450.12,213936.47,190820.09,3547.34,40.54,347388.62,207496.93,35748.65,4,F,Свердловская обл.
2023,2531486.81,1665626.4,1130751.32,168489.49,124767.6,157543.16,379988.02,13849072.33,12208826.82,2286350.86,955176.09,6846.87,12013.3,5093750.34,2107223.21,464259.32,15,G,Москва
2023,2669747.72,950454.37,1531003.93,97346.01,199457.34,160297.15,111129.08,1681948.72,1343449.71,343842.72,333346.38,24119.86,2552.12,580759.61,277683.99,72272.89,7,H,Башкортостан
2023,5273.68,2143.94,1612.28,404.87,88.12,134.82,426.72,11129.97,8739.76,2781.57,2434.9,16.59,7.87,2996.74,1308.28,385.29,2,M,Краснодарский край
2023,15797.63,9808.13,5351.61,1274.02,2065.81,119.75,610.53,42229.7,36232.36,2252.04,2298.81,102.07,43.63,21925.04,4368.31,1322.63,22,C,Татарстан
2023,477820.62,369172.52,156381.55,81042.64,130779.13,51251.13,36207.39,1113103.49,826467.21,68334.41,63448.21,208.86,199.62,448056.32,193529.52,19746.08,14,G,Нижегородская обл.
2023,481949.49,290780.37,250432.05,0.0,12060.05,261973.58,29662.94,649148.47,608155.98,50203.52,48667.35,36637.91,8.64,191736.37,104432.2,33359.46,33,O,Свердловская обл.
2023,387254.6,194805.06,204488.95,21711.38,21155.01,8481.68,0.0,499626.9,350336.0,113698.33,100672.89,1717.6,0.0,168549.56,55224.95,19298.53,5,G,Санкт-Петербург
2023,4193081531.4,2305749163.05,1988137189.54,207323011.12,30207546.77,24056399.36,68963413.37,7810808645.04,6605545466.19,1122292199.04,1057023257.94,94402.43,523004.22,2603363254.07,609857504.24,541488798.85,4,O,Москва
2023,466991.95,169256.02,262458.46,26995.11,30598.07,84731.09,5786.44,1047528.93,967270.7,64435.46,65678.73,9851.05,5.88,444469.09,90615.28,22052.66,3,Q,Свердловская обл.
2023,2260377.84,1448172.77,629820.59,198336.21,126351.44,78969.29,216246.9,4557474.81,2927131.4,1992070.32,1605581.92,2294.22,4533.73,2400635.21,956188.69,178463.1,8,H,Самарская обл.
2023,1424714.83,972154.1,883418.5,237037.91,17779.86,302586.14,148087.44,3575126.7,2665852.15,980776.47,579964.84,13866.21,1674.91,1377142.54,426646.0,308383.8,31,G,Москва
2023,1084853.42,523101.62,653937.31,16348.53,50642.26,158455.67,62480.4,972398.0,869538.46,110923.59,82427.84,6571.41,373.08,189371.25,129382.0,30346.41,2,M,Нижегородская обл.
2023,67733.89,32477.97,34427.42,5964.23,2203.37,23674.98,4853.71,90170.4,80767.83,13176.16,10893.96,704.47,201.91,36165.72,20064.45,4081.95,16,F,Башкортостан
2023,1578121.34,930904.95,1000238.35,209143.54,93145.87,99576.2,83922.05,1471418.86,1122472.53,376057.05,296703.94,21244.48,575.85,595013.26,138155.15,37790.63,6,G,Москва
2023,19262.0,9332.29,4260.86,3065.95,1357.67,2507.04,1606.24,23690.59,16738.18,6410.28,4041.12,111.13,56.07,9417.2,2692.44,545.63,4,M,Москва
2023,97895.1,52871.19,34955.03,7479.09,66.82,7344.68,5315.0,242622.54,212438.74,43182.01,25230.04,29.03,68.51,86677.84,27067.37,19639.38,18,H,Самарская обл.
2023,37646.19,32562.38,12489.63,6706.44,4310.69,4498.77,3369.29,59277.14,53251.91,2736.09,1890.8,1290.88,72.48,26185.31,13687.29,3166.63,11,F,Санкт-Петербург
2023,380115.37,194978.71,192557.9,6958.98,37960.54,27236.39,16390.78,2087879.82,1385378.55,736246.33,645635.58,8255.37,1335.56,890718.99,521279.23,109976.1,32,K,Москва
2023,37146008.89,18433668.92,10920299.26,0.0,1355556.35,931772.88,2600382.9,61041839.14,40263724.2,16054789.62,15567378.61,131908.36,2969.67,25486003.63,11450115.95,981166.7,13,M,Татарстан
2023,1677.04,759.48,856.8,188.03,7.3,142.7,56.75,2577.64,2068.62,535.3,476.41,4.73,1.18,1188.97,487.61,147.38,4,C,Татарстан
2023,1094473.01,724134.86,639680.45,130022.16,123125.74,98767.19,114837.57,1721789.99,1451358.88,287045.5,260319.06,1081.26,6638.93,649143.61,208306.03,125946.25,6,G,Башкортостан
2023,3269.36,1709.28,1645.88,468.82,812.11,652.79,54.82,3545.54,2659.48,1183.25,911.46,114.57,1.46,1316.61,877.05,258.79,21,F,Нижегородская обл.
2023,47315.07,21414.52,21483.41,1501.75,1039.55,7551.44,729.49,68573.79,58145.73,5062.25,2890.29,33.71,7.09,38265.02,11203.92,4345.29,8,G,Татарстан
2023,2381950.58,1782164.96,718051.39,394913.8,74480.59,311566.04,251722.97,6245203.56,4427764.01,1629806.41,1182218.43,1371.77,3828.47,2972314.33,1203172.9,171182.83,7,M,Свердловская обл.
2023,193656.93,147748.71,61656.08,48684.0,3146.72,2796.72,13989.93,305843.5,173881.4,144542.7,108255.01,229.08,478.57,153745.88,44262.82,17207.51,3,K,Краснодарский край
2023,10525.3,4840.97,5998.94,1033.92,724.34,1610.59,352.26,10559.78,7789.0,2947.83,2123.48,20.37,23.4,5729.85,1442.45,668.98,9,K,Москва
2023,36348.36,9814.75,18665.68,1983.82,489.19,3026.03,1505.62,34144.68,26848.76,7603.75,5980.83,1.36,1.89,16136.59,7960.9,481.82,0,C,Москва
2023,1727440.3,1211155.12,717436.46,218836.94,60855.34,465425.41,76986.25,2057599.0,1548170.42,411061.39,342401.96,14475.61,171.43,1055216.74,364166.6,56737.07,11,C,Краснодарский край
2023,22177.55,9920.14,8202.39,538.96,2118.52,6717.45,872.85,34329.75,22799.75,10515.87,9278.8,65.21,10.29,8996.64,7640.73,2326.29,2,F,Краснодарский край
2023,185387.88,123949.2,32795.68,35752.63,12179.9,1262.18,22800.91,502323.12,300607.79,232985.97,173953.3,117.6,181.25,221230.83,81761.33,33917.32,3,G,Москва
2023,177627.69,45203.48,51778.06,5927.6,6941.89,36627.59,8694.82,135564.21,98770.88,36444.19,20100.75,174.34,80.29,54459.96,14584.22,2579.56,13,C,Москва
2023,69210.78,47332.53,44943.43,10430.13,3018.46,319.14,9198.79,87991.79,76532.23,13110.99,9466.85,38.3,69.02,51718.79,10632.3,5798.7,6,G,Татарстан
2023,27200824.76,10018722.31,7244812.69,550601.48,1796972.56,1493497.83,832279.84,43615051.33,39498651.61,3865202.47,3035131.87,206800.54,5441.57,22364252.3,6766799.42,2263885.82,13,C,Москва
2023,1298256.28,856348.82,574786.84,73340.48,610.91,121756.9,148869.54,774272.93,695894.32,32577.06,30190.36,10126.56,625.16,276380.97,91886.83,50807.93,6,M,Ростовская обл.
2023,1703.52,940.58,921.42,277.29,11.14,32.77,40.5,1675.14,1169.94,583.42,415.32,1.32,3.3,766.01,158.51,62.5,22,M,Москва
2023,219709.02,89401.6,59191.65,13608.34,37452.53,36163.86,4075.45,233308.07,155063.39,84115.08,70783.28,2599.92,19.04,101901.53,49011.22,14675.93,5,J,Москва
2023,36909.67,18046.78,16320.17,5346.58,239.41,37.16,0.0,36984.11,30684.36,10563.34,8607.12,0.46,0.0,17213.63,4540.04,2473.37,2,C,Свердловская обл.
2023,2234665.98,1459120.16,1190071.06,253509.79,219339.18,49513.88,292366.96,3669430.74,3095201.53,387898.94,304604.65,965.66,2479.7,1167303.72,575769.05,157687.55,16,N,Краснодарский край
2023,20029.47,11334.36,8442.42,370.05,4047.88,2089.63,545.88,27575.42,22612.31,6097.25,5436.7,91.39,44.27,12574.44,4544.61,1388.56,10,Q,Татарстан
2023,114930.72,73286.95,87831.02,18421.8,2902.21,17282.63,6772.3,129889.81,75153.42,46218.58,32385.31,792.3,286.35,51590.27,15663.72,4809.76,1,F,Санкт-Петербург
2023,483092.74,408921.62,106168.37,54308.31,17886.64,144036.45,18557.08,892645.89,618881.69,280786.93,199633.22,10892.15,868.04,400124.03,198649.39,74118.87,33,K,Краснодарский край
2023,1045453.13,329698.03,571912.44,77774.15,70376.97,153363.57,46721.48,3691333.47,2868280.98,1003283.06,781128.0,10391.37,155.11,1282965.34,347512.88,175687.4,5,N,Свердловская обл.
2023,6664.0,5281.77,2660.7,961.37,1138.0,890.9,409.14,22563.84,18699.15,1526.93,1073.71,50.5,22.21,8156.69,3679.74,712.1,26,J,Татарстан
2023,48852.7,27633.69,25043.38,1562.7,11121.55,2939.59,599.95,27866.46,23874.05,3706.87,3117.33,88.54,9.44,14974.99,4522.89,994.37,9,G,Татарстан
2023,50154.41,20823.23,23720.87,4021.87,5398.2,7.74,2634.13,99847.36,79321.27,17714.33,12301.13,410.22,24.1,31436.47,14706.24,5245.52,5,H,Москва
2023,25227.37,8841.01,8376.02,3144.73,182.85,387.54,123.56,34429.65,27994.0,5227.24,4219.2,12.9,3.18,11094.08,2931.83,2240.22,3,H,Свердловская обл.
2023,14414877.26,7519260.41,6450363.04,1650018.36,1275546.82,1322871.21,374125.74,23239153.05,18323759.52,5362994.32,4118668.45,173056.04,19383.45,9640573.81,4497726.08,541087.96,2,G,Татарстан
2023,280880.78,193315.5,55348.07,33907.26,11867.72,37896.32,0.0,343363.2,291364.94,-91251.74,-64063.87,1790.13,0.0,117708.67,64269.19,29856.53,5,O,Санкт-Петербург
2023,7685.22,4079.83,3784.12,1085.35,391.15,498.31,59.41,12159.29,9864.67,2213.59,1604.48,59.68,3.93,4030.77,1413.17,683.03,2,M,Москва
2023,2073427.42,1610375.59,945024.71,317008.04,8359.61,326403.43,178287.5,3336447.76,2624362.28,746365.22,551794.82,39807.91,14082.54,1436366.11,618491.87,197948.51,0,G,Санкт-Петербург
2023,18024992.04,5990131.08,8951917.99,1178634.6,305751.7,1595982.91,0.0,20131451.9,15162267.12,5084244.83,4024287.12,241394.89,0.0,5425293.71,3397089.59,967441.26,6,J,Свердловская обл.
2023,2405768.91,1318810.42,1315893.52,122214.14,300835.92,22249.9,14680.02,2292598.27,1806863.51,485941.5,390817.93,12373.34,242.84,731806.03,197093.28,115512.98,2,K,Москва
2023,5270.48,1908.66,2446.1,379.26,255.12,134.85,190.59,6282.53,5204.82,735.52,573.33,13.97,0.08,3929.15,674.14,295.49,14,C,Москва
2023,33742.81,20399.04,14771.61,5361.59,969.23,7420.33,1374.56,56593.65,45656.79,14073.41,13857.29,129.54,87.2,26369.67,11710.02,3981.7,8,G,Краснодарский край
2023,6382367.0,4359367.97,2005797.96,493110.03,247400.6,988501.21,956978.04,12846060.67,10509139.25,2526526.3,1670315.77,169673.84,4820.66,4436305.67,2125648.06,640266.01,9,O,Свердловская обл.
2023,31461.88,15318.34,10525.05,4502.97,4849.88,8500.49,3217.37,71912.58,65747.67,7584.76,5857.67,408.75,190.79,33210.78,8757.86,4698.84,22,J,Москва
2023,399530.35,63672.32,224699.13,10993.89,44181.61,5995.9,3051.47,465538.46,375464.4,71301.0,42150.62,342.45,36.58,221937.57,49848.09,19237.47,6,F,Ростовская обл.
2023,1109982.06,643614.46,657509.25,70140.1,28227.96,616396.35,85876.36,1908401.8,1364698.41,-318030.98,-732445.95,18271.09,1182.72,991302.98,237081.35,102887.3,35,C,Москва
2023,18961.61,11671.08,7422.08,3032.27,189.61,534.65,1691.8,45771.79,39746.42,5622.27,3632.94,4.92,2.03,18642.13,5848.54,1552.65,2,H,Челябинская обл.
2023,143485.35,87618.5,61055.93,13761.05,3332.88,204.03,5620.84,383381.43,246660.01,107313.68,80120.69,123.48,66.75,198457.31,41290.89,28496.96,0,J,Челябинская обл.
2023,57.89,42.57,18.03,10.25,11.74,34.73,0.44,83.85,56.34,20.44,15.03,1.91,0.03,18.12,5.28,2.79,6,G,Ростовская обл.
2023,9535.99,3712.76,5347.13,581.64,664.69,377.62,368.54,12738.23,10363.63,-2885.42,-3179.92,21.48,0.29,4004.51,2636.82,554.12,4,J,Челябинская обл.
2023,91070.38,59380.84,45521.53,10404.35,5554.96,12050.57,5322.26,149484.8,124317.49,29072.76,20748.21,65.45,83.26,65233.24,29677.47,6532.6,14,C,Москва
2023,4705.22,3429.52,3072.25,752.73,341.53,109.77,253.28,3950.41,2589.47,1231.93,872.9,64.84,0.24,1789.39,341.07,169.56,5,C,Челябинская обл.
2023,9319881.22,2639500.92,2932046.1,536536.01,339803.55,970808.98,333999.84,12620785.88,9361067.24,2616812.53,2491997.83,97271.17,4644.29,4149989.17,1979135.67,813408.58,3,J,Москва
2023,3475.43,2078.13,1302.03,42.31,457.54,977.47,114.21,7523.36,5412.24,1804.66,1469.26,130.99,0.65,3354.98,789.11,328.52,11,C,Санкт-Петербург
2023,43444.08,20608.7,19453.11,1860.98,2574.81,2011.96,636.4,89339.89,65337.15,21968.72,15656.54,104.83,5.55,31949.37,12232.56,6957.66,9,N,Краснодарский край
2023,326988.21,175844.97,162702.38,44726.66,3247.51,43532.56,18735.4,426149.54,372608.02,-44109.04,-51420.53,3346.14,1180.58,167180.21,56576.32,14331.62,0,C,Свердловская обл.
2023,8290130.42,4991914.24,3267305.23,845775.4,91647.77,207057.16,614795.2,13789739.5,11730249.44,3552588.9,3472451.71,9921.67,10564.42,7204826.97,1773474.81,736200.4,6,K,Краснодарский край
2023,5394.23,2572.6,1700.5,355.28,332.17,634.55,75.64,5328.16,4145.77,1463.34,1100.11,10.85,0.73,2722.12,1332.82,183.74,17,G,Москва
2023,2148360.5,963848.59,1129541.14,68735.97,473983.63,105738.42,150057.19,4556027.43,3304959.65,1484512.74,1035131.14,3851.46,4006.46,1459268.1,583097.32,266160.64,11,G,Свердловская обл.
2023,151851.77,84296.39,76918.42,7891.92,4478.76,4323.27,0.0,217890.82,140547.21,90074.76,62854.21,186.25,0.0,68477.61,23877.96,10825.04,8,M,Москва
2023,20133.85,7790.05,6242.44,142.22,3280.52,907.68,508.79,26165.11,24124.71,733.68,523.93,30.99,4.58,9913.5,2927.11,1227.11,4,H,Ростовская обл.
2023,539163.29,208724.25,314145.18,35879.19,62298.32,12748.32,17641.27,671260.01,563329.05,66904.74,47412.73,23861.24,418.21,280133.83,135721.29,49518.52,1,K,Москва
2023,536836.09,349966.67,300855.75,46239.34,12229.97,149579.64,21637.24,776072.46,550493.87,182628.01,114405.9,408.08,176.03,274892.74,52303.31,28647.29,5,H,Москва
2023,40841.47,15425.04,17811.6,1583.73,120.95,2480.62,1019.54,48703.9,41493.77,10459.91,6747.65,75.69,34.77,25523.97,5448.45,3006.51,9,J,Санкт-Петербург
2023,205277.9,133419.73,88177.48,23288.43,1764.0,6932.01,28320.27,425572.87,328958.31,84971.06,57821.24,261.6,574.57,193524.57,94622.36,14733.67,1,M,Челябинская обл.
2023,56612.27,35065.0,27541.13,7332.71,5904.75,4041.75,1716.33,69309.64,52071.57,12901.51,10979.04,177.83,76.12,31924.61,11241.98,3621.69,2,J,Москва
2023,224999.99,65504.02,71234.01,22759.75,4009.15,10434.18,16144.99,744402.89,613031.52,115329.62,84680.95,611.76,1434.27,218367.7,118803.8,19420.35,23,J,Башкортостан
2023,813894.26,364921.95,344768.68,21548.4,30215.33,133239.4,46063.22,2526109.64,1783054.93,712917.52,538352.96,1328.0,170.08,1355836.48,648218.23,92833.66,17,M,Москва
2023,10611773.43,7737218.15,1716072.06,2110329.99,591331.57,4518159.72,816456.86,10137002.47,7558395.86,2714651.91,2531170.12,391405.25,9980.32,1398735.21,1645411.86,490196.44,9,O,Москва
2023,9822.9,3956.91,5158.74,1020.28,1015.84,679.33,508.76,15173.78,12019.85,3344.32,3128.28,34.25,5.88,7638.56,1738.77,1309.39,1,G,Татарстан
2023,26609706.11,12781689.22,6189971.48,1504054.36,255817.22,6301779.77,3218373.94,28672765.35,20932692.29,6552761.71,4889310.43,293412.5,15825.86,14721491.57,3896518.34,1491444.78,1,J,Краснодарский край
2023,829.16,513.51,497.84,100.78,34.59,83.02,20.74,1050.57,889.74,196.85,138.64,7.4,1.03,395.81,97.94,87.3,0,C,Москва
2023,64194.68,42850.5,24418.73,6144.31,3408.63,1317.8,1404.42,260638.43,252013.03,295.48,199.82,519.58,60.11,142645.07,55463.04,14180.42,5,G,Москва
2023,825042.69,422643.93,325561.82,82354.32,51372.33,116152.2,23122.02,1055372.88,743584.27,303542.12,261997.25,15132.44,459.53,436597.47,188624.78,44598.28,1,G,Челябинская обл.
2023,235972.3,108635.38,81333.03,32669.97,32200.44,20398.87,11073.05,421503.22,258586.95,177390.15,134006.75,2465.02,256.35,179662.87,86922.69,34052.04,12,N,Санкт-Петербург
2023,17986.63,13730.19,6932.68,3136.64,271.03,2269.68,0.0,35173.37,20394.44,13650.19,10014.06,62.46,0.0,15967.05,7409.24,2066.1,39,H,Челябинская обл.
2023,108691.4,88130.79,64152.25,19449.47,14341.89,28752.4,8931.21,98317.1,75207.98,20310.27,13858.92,1507.39,217.25,72622.66,12711.37,3652.04,6,M,Москва
2023,100247.51,69855.34,12176.36,10169.21,9467.47,6984.38,14083.73,97523.61,69601.0,30807.69,21184.6,1204.43,662.1,54071.32,10021.76,5794.02,6,C,Свердловская обл.
2023,37226.15,20950.79,21339.37,1283.77,2417.14,10338.88,2285.41,30386.56,24333.13,4750.25,3887.64,1339.39,58.48,14892.85,4479.41,1341.51,8,H,Санкт-Петербург
2023,1750745.88,750650.05,806328.46,122598.08,168407.79,291808.86,61882.74,1677083.96,1330363.24,314454.3,195636.93,2521.33,572.36,551290.29,178377.91,17138.65,21,O,Свердловская обл.
2023,407211.31,173241.27,112047.21,47906.17,17300.24,32769.74,10898.67,146103.78,90537.34,59626.24,53626.9,1216.45,360.07,63461.49,23120.61,10040.17,16,F,Челябинская обл.
2023,27946.83,17561.15,8131.48,1015.5,333.04,3100.01,2702.85,54740.02,32762.54,27599.53,19759.57,256.9,36.38,18539.76,11309.55,3935.74,0,C,Челябинская обл.
2023,2032389.26,1245366.3,1262453.47,119048.11,178185.53,96067.93,62828.77,8468124.0,6855736.65,1868719.36,1424045.79,7747.95,1483.73,4252785.74,1199027.23,734684.62,3,H,Свердловская обл.
2023,321633.01,244518.21,98593.12,46483.26,19137.19,158641.34,51540.47,516627.2,409965.84,118870.29,73647.59,3589.42,1033.77,224240.33,81368.66,30193.18,12,K,Краснодарский край
2023,1345630.17,871386.39,378926.68,88208.37,109794.39,177731.03,188220.84,988791.29,729152.7,285881.2,222563.11,7617.66,2710.0,304100.62,143679.01,44520.85,14,H,Санкт-Петербург
2023,865083.62,280752.47,481399.78,32735.21,28546.92,4654.55,32400.25,935833.87,574869.31,310748.17,230140.56,1532.96,1233.45,400642.14,177936.06,62419.92,3,H,Москва
2023,16765.61,11866.57,7722.68,1733.85,3183.75,795.59,1178.46,19883.53,16446.44,3552.01,2749.22,1699.83,76.12,6662.14,2318.64,1332.12,5,K,Нижегородская обл.
2023,54022.73,21624.81,16609.23,1529.97,3825.69,6329.37,3499.75,48453.88,43956.87,4424.89,4232.87,344.88,0.55,21083.33,1946.76,4010.32,13,G,Ростовская обл.
2023,1000235.56,492520.3,446100.05,50271.67,7143.38,6959.51,81604.66,2294068.43,1853144.45,477810.83,382881.17,164.88,6640.11,766430.52,398120.53,112655.84,1,M,Москва
2023,596719.31,350590.52,177171.74,82835.51,28522.26,1731.01,18104.67,1334853.54,928060.41,414569.19,283831.02,268.87,389.13,564307.68,266158.75,62322.2,14,F,Нижегородская обл.
2023,181443.39,154108.96,100174.63,11621.42,20496.53,13017.79,10542.08,151899.3,119158.2,35624.91,24746.54,72.51,381.54,75197.29,26175.09,5421.15,3,G,Татарстан
2023,166671.16,158337.6,91229.88,8260.51,21074.34,8090.24,3271.12,357295.55,229879.88,121851.38,103746.18,1193.26,189.92,148168.61,42156.76,21705.43,14,K,Челябинская обл.
2023,4003247.99,2566115.82,1936934.48,332563.48,218545.07,277081.56,319594.06,12813667.32,11350296.17,1500920.91,1404626.62,19490.96,6034.85,4880869.05,1194866.73,243905.17,7,M,Самарская обл.
2023,36987.52,19326.74,17139.99,4610.52,6661.88,1352.64,2705.7,142859.22,112599.41,21489.47,17488.78,92.05,146.24,62904.86,24961.06,9360.39,3,M,Нижегородская обл.
2023,885149.75,557800.0,558832.72,91616.56,22059.48,19117.7,10600.69,5532321.76,3337009.68,2106820.58,1817439.36,2447.0,62.19,2709279.0,868983.62,341657.95,12,K,Москва
2023,113201.86,77333.66,47540.52,11045.84,4787.51,15872.12,5621.23,107573.7,80673.02,34381.54,29333.24,1395.91,29.24,33270.58,15459.46,6637.45,13,G,Ростовская обл.
2023,93740.81,47048.5,26076.36,8635.69,17163.21,8129.83,901.67,574008.29,474320.36,108837.86,103427.29,379.25,28.98,256045.36,138406.7,30287.26,18,C,Челябинская обл.
2023,3243851.84,2657628.46,1537380.98,107217.78,588002.86,86936.4,122442.29,4053814.41,3026963.92,1022609.99,558395.35,14232.67,7498.32,2236708.65,416164.57,326978.91,4,F,Москва
2023,1944670.55,1136680.58,1303562.54,249588.29,180068.4,89857.52,151247.88,2157305.2,1623178.93,738652.1,635289.76,62804.82,10116.57,1029823.5,515060.61,145488.38,8,N,Свердловская обл.
2023,1470506.1,918568.49,438547.36,193519.24,230440.94,158111.89,51431.64,2583494.17,1698801.85,708906.85,636632.61,9108.21,1592.47,1099988.3,391629.8,97807.1,9,N,Краснодарский край
2023,4268627.07,2774132.23,1607669.4,408505.74,31746.13,38402.64,227341.36,4760066.21,3982528.91,513483.21,318027.45,5017.26,5084.29,2303747.1,277138.08,181912.68,8,Q,Санкт-Петербург
2023,115723.47,70966.03,54386.97,18484.8,18538.37,2215.32,167.57,210761.16,150726.49,78083.32,52606.28,625.52,2.02,98056.55,29725.73,6830.04,20,C,Москва
2023,650403.57,439569.45,268962.31,39473.47,20114.36,5936.89,48888.66,501475.35,283010.35,219617.41,148879.98,2053.75,5737.64,248410.89,99279.48,30602.87,0,J,Москва
2023,68375.22,31275.65,20657.76,8451.7,1074.41,13727.03,3044.48,90525.73,67249.23,22178.49,15359.61,1084.53,35.18,19699.02,11926.52,2715.52,1,J,Нижегородская обл.
2023,304846.06,142135.92,169074.62,27341.19,6672.67,51067.01,7996.91,864886.3,759469.61,53557.92,38679.21,3181.13,327.07,228895.95,65957.16,61984.54,8,K,Краснодарский край
2023,111140.56,42786.54,77621.11,6549.58,4812.21,18666.74,3793.42,161138.63,119453.2,45292.48,36646.71,2265.13,86.4,83869.9,22845.31,12320.57,0,J,Нижегородская обл.
2023,210972.88,129943.51,93574.02,23183.24,4882.3,31897.26,14400.04,337824.83,322216.81,24804.62,21924.33,5150.0,405.13,91034.36,36195.02,10952.17,16,M,Санкт-Петербург
2023,844753.7,563315.96,263150.75,96562.96,26119.62,112197.01,28789.9,1598265.75,1315207.76,195593.34,177942.62,5999.21,431.86,735448.16,279042.37,73982.17,9,G,Ростовская обл.
2023,20605.2,12747.73,4824.19,3539.06,239.02,1602.65,145.63,55195.1,44921.96,9886.02,6717.17,24.96,14.62,21238.8,10413.66,2778.1,4,F,Ростовская обл.
2023,35212746.18,28211531.95,15879438.52,2648094.34,989416.31,4343842.63,5877434.44,22960968.86,17614740.85,4961039.58,3366738.27,135609.62,149502.56,7356259.9,2231495.73,1553990.64,17,F,Нижегородская обл.
2023,13417.28,7368.24,7412.58,876.81,911.62,62.98,456.86,26810.82,20729.36,6424.61,6025.63,69.2,38.06,12197.99,3075.46,2203.5,5,C,Москва
2023,4323.79,2811.81,2062.54,739.24,201.71,504.04,264.86,5641.01,4251.39,1073.94,921.02,37.13,0.06,2482.63,1059.56,91.89,6,G,Ростовская обл.
2023,2221018.8,857857.11,932187.22,113543.57,75647.47,400989.98,137815.07,3601264.22,2700130.89,1126563.0,889921.44,4665.56,3515.11,2272521.12,385543.37,157146.15,0,C,Татарстан
2023,1127970.4,554888.17,393985.85,139855.48,123824.32,93918.99,172982.67,2858780.1,2381611.73,608075.31,508837.67,572.65,6554.15,1022067.86,274134.41,127729.34,6,G,Москва
2023,538957.03,352656.11,155726.44,111423.42,96568.33,28612.75,8933.07,442545.16,303770.47,130738.61,101508.54,7189.98,366.29,249600.34,40300.57,9730.06,1,J,Свердловская обл.
2023,937378.47,634947.66,487596.31,93881.07,106023.26,36550.61,80631.77,842829.68,566727.62,266981.85,225052.39,2061.06,5693.33,383691.71,141259.88,33964.18,8,N,Краснодарский край
2023,249848.08,126399.38,132332.68,29641.79,8064.46,30865.19,7273.89,141618.68,94556.03,46096.65,34096.4,1347.92,0.96,50118.54,23431.93,8292.54,3,N,Санкт-Петербург
2023,24896.75,13425.83,5838.6,1177.51,2717.34,3526.16,908.56,28223.58,27659.11,-533.86,-433.63,428.73,0.01,14109.66,3268.23,1253.87,2,G,Краснодарский край
2023,184513.62,59472.23,112697.35,14295.86,2433.38,45339.24,3377.27,535360.01,445973.24,77517.04,46412.13,1975.54,64.76,255138.58,80440.13,10229.43,3,C,Москва
2023,46831.6,23249.34,22895.44,4555.8,523.12,2355.02,754.69,65776.64,53308.62,11579.14,8076.05,12.52,0.67,27861.95,14888.98,7069.78,3,F,Челябинская обл.
2023,1948167.16,1331684.22,1145427.53,290098.17,66093.96,343349.62,129869.2,1487097.99,1002673.64,604349.02,422294.11,4202.52,14299.98,664181.89,150638.55,82271.55,17,Q,Москва
2023,101847.39,64803.53,26372.84,8317.81,13433.35,10071.49,747.17,119180.14,100389.51,24431.53,17958.97,290.99,5.63,42940.76,6246.57,6225.24,0,J,Санкт-Петербург
2023,17192.63,10747.11,4403.05,506.33,389.0,4423.7,1685.24,12189.2,9365.48,3393.35,2269.53,71.76,32.35,4112.89,2105.73,341.8,17,F,Нижегородская обл.
2023,66555.7,37102.54,26763.62,8172.21,347.91,5993.03,3832.7,56568.15,45334.67,12279.78,8792.01,264.21,7.25,28054.65,8172.96,3123.36,6,N,Нижегородская обл.
2023,406718.1,224125.86,195360.58,3345.69,4595.23,35581.82,28093.3,736957.16,502853.85,192932.2,115425.61,1408.43,622.19,293018.63,84380.67,34427.49,6,G,Самарская обл.
2023,3874290.01,1747118.17,2462356.54,2917.79,6552.45,4331.12,1359.3,3213709.13,2558198.87,-253097.38,-1003567.58,123.58,19.49,14301.57,6338.78,424.53,4,N,Нижегородская обл.
2023,21864.54,14317.43,11035.68,3655.16,1757.09,3630.11,1116.3,56893.61,41965.68,17688.67,13622.01,18.84,1.53,25487.32,10921.37,1626.87,25,G,Нижегородская обл.
2023,299578.52,183685.35,117098.73,35883.27,6997.18,120200.58,21537.81,431305.39,303396.99,100773.59,57982.61,1196.02,263.72,192590.29,17073.7,28422.39,2,G,Башкортостан
2023,342318.85,213539.46,101612.45,71720.95,22191.74,3138.77,6439.7,533009.88,454876.3,95098.04,64649.59,5267.84,95.95,147679.64,62559.42,47374.11,8,H,Свердловская обл.
2023,65502.0,30857.65,37178.94,8084.97,3929.52,431.65,2422.96,85020.65,53242.42,41651.72,34170.75,137.84,334.18,46644.47,22604.93,4875.37,41,N,Москва
2023,66654.01,15130.36,20278.51,1931.97,5681.46,22182.94,732.66,146340.94,122410.92,31699.38,22659.9,2814.31,5.12,63236.59,26219.94,10545.57,15,N,Москва
2023,186214.67,133063.96,114599.53,24242.27,3955.39,16865.64,6196.24,410953.52,348672.94,91335.59,63603.09,1966.38,146.29,164272.37,75535.39,19267.51,8,J,Татарстан
2023,2025.58,968.58,781.62,170.67,323.78,231.95,0.0,3572.93,2472.59,1139.34,878.49,19.91,0.0,1654.57,745.47,172.46,37,F,Челябинская обл.
2023,6384.55,2685.24,3900.13,143.46,189.06,504.58,484.31,12632.54,8817.1,4426.81,3635.44,42.54,22.82,5604.48,1905.66,907.26,11,G,Москва
2023,17922.74,11721.87,8987.75,1228.08,1698.5,211.5,689.34,24047.37,18220.63,4963.62,3016.08,20.45,103.73,11944.48,4565.01,2002.08,4,Q,Москва
2023,89228.21,43828.73,36008.98,5922.98,116.04,15647.81,7442.23,174565.27,141084.29,40427.5,34202.29,919.05,770.58,82708.74,32452.23,13270.79,6,J,Москва
2023,249255.81,176719.99,89151.93,3022.33,9297.48,41134.81,29004.62,314046.43,240155.86,84165.98,57566.57,801.83,585.12,154443.2,55571.17,9004.57,5,M,Нижегородская обл.
2023,3789696.18,2435072.66,1436639.92,447565.08,131401.46,169870.24,55617.1,5659874.19,4660092.77,1081824.46,841495.69,26875.86,1988.81,3141792.71,757853.77,275414.13,3,H,Москва
2023,1634075.69,1066292.23,770300.02,170685.93,102506.54,71695.68,36995.36,2124965.24,2032099.93,232688.81,180508.24,761.59,129.89,1080252.55,337025.75,118042.87,13,J,Москва
2023,137022.47,47287.37,58818.1,2183.19,827.8,29912.23,11993.5,162639.43,118601.28,39656.77,28424.07,2280.01,209.36,65698.42,19611.38,7287.29,7,G,Нижегородская обл.
2023,130549.32,95534.89,45528.11,20285.6,16305.86,1176.65,19589.96,137991.93,83965.6,52735.7,34655.84,92.04,972.98,42461.48,20787.2,7970.02,0,K,Челябинская обл.
2023,6101.95,3595.19,2441.54,853.03,119.9,1559.3,352.72,11501.23,9920.87,1635.25,1219.44,178.85,7.45,6748.69,1053.23,763.81,17,N,Санкт-Петербург
2023,131905.87,65241.75,56644.24,12928.49,11926.61,4694.86,7531.66,378945.16,359365.62,71.24,69.46,301.43,274.08,150148.56,41861.62,26547.46,3,H,Нижегородская обл.
2023,88955.77,50838.96,14637.84,7832.99,11568.73,9595.53,3159.6,238338.11,195264.9,45777.54,28226.39,1124.3,129.81,88826.05,32386.43,19953.05,47,H,Москва
2023,234010.89,66357.23,111150.53,15084.02,15449.5,77189.37,8357.11,186249.09,125015.07,45226.56,44461.22,3096.26,73.29,45878.24,19149.15,8085.29,24,G,Краснодарский край
2023,21740.47,13289.9,6575.04,3115.39,2348.8,2957.36,757.11,61792.18,47432.34,17594.52,13175.36,121.03,47.36,28044.22,7708.52,1403.88,21,F,Санкт-Петербург
2023,593488.63,234780.7,167126.46,48034.32,51481.4,38114.02,0.0,755166.91,504563.0,252364.86,197915.77,4645.0,0.0,328413.53,107085.46,43168.88,14,O,Краснодарский край
2023,8936322.71,3101792.76,1943817.1,353700.59,314077.21,1254318.22,64227.75,18002140.76,15198947.3,2334334.09,1516371.06,231132.86,454.65,4833367.88,3062400.28,1578359.67,0,G,Краснодарский край
2023,128537.21,41343.5,26315.8,8356.68,17015.67,6502.39,4186.67,121889.0,78602.68,38201.28,26261.38,49.56,251.9,56718.29,24068.55,4931.69,9,M,Самарская обл.
2023,331823.55,237885.38,85393.56,65570.36,9268.07,12929.31,7644.68,531441.59,398574.35,126633.99,91132.26,2787.43,124.07,196729.48,67392.52,33872.46,1,K,Москва
2023,1308420.75,596130.22,438212.99,78849.95,88637.11,785052.45,57206.65,2283438.6,1551747.73,810270.81,530335.7,41030.93,2381.3,1573361.12,494947.26,145945.79,2,M,Свердловская обл.
2023,56919.31,44400.43,37247.49,15444.03,6229.49,9490.45,1577.12,40420.31,32040.47,9486.83,7161.89,1294.3,37.57,14675.15,7959.99,2175.78,8,O,Москва
2023,282671.25,132750.84,100883.8,18312.91,10772.11,35102.65,7043.6,571587.83,424898.86,126525.12,92509.87,1110.87,101.65,215191.77,100144.87,28658.55,1,J,Башкортостан
2023,126943.91,37308.35,56024.16,6812.23,3662.45,6686.71,5640.65,371189.55,296089.07,59398.42,59522.79,330.33,280.92,123428.83,58530.08,11704.13,25,N,Самарская обл.
2023,181898.76,69580.16,85139.13,8781.1,8949.07,1100.35,7991.2,248669.9,194518.31,62319.13,39889.42,1020.73,210.54,136218.3,41268.27,1085.88,21,F,Краснодарский край
2023,18070.48,13288.52,7873.81,2629.29,2462.71,68.41,1321.15,53216.23,36258.04,15036.17,11913.5,67.82,19.63,20367.05,11140.95,1477.44,4,J,Нижегородская обл.
2023,164290.52,86517.9,67475.23,3514.55,34936.62,15926.51,13214.56,222914.79,187847.55,35734.98,28936.09,1945.48,46.02,77464.8,47074.92,9405.65,4,M,Свердловская обл.
2023,944591.91,441839.39,261240.82,60230.07,59519.96,162729.24,56925.05,2154998.4,1670389.76,497943.19,324440.63,226.71,3856.18,1057448.02,467090.16,155048.8,3,G,Свердловская обл.
2023,4058356.62,2329507.8,2411115.55,215783.02,351658.66,375404.91,435137.61,1996694.64,1360042.77,667806.52,575929.23,6277.68,471.44,562997.42,303630.05,95716.43,16,M,Татарстан
2023,1103622.65,690059.28,702857.09,131681.99,206233.45,243348.83,49966.12,5517842.75,5407485.89,347146.92,254181.24,23071.37,2981.69,2662420.12,980787.49,218614.09,6,M,Свердловская обл.
2023,55080551.36,39526344.68,12012019.34,10259291.62,457156.27,224715.23,2933720.45,173560424.49,143646073.3,18954332.02,9115389.26,43033.82,39273.16,103813427.38,37693388.77,5585224.99,6,N,Ростовская обл.
2023,22445.24,17221.67,6668.85,3989.93,474.17,1230.61,377.73,29042.67,22208.17,4059.24,3487.62,74.47,11.56,13843.5,3450.68,1833.64,7,G,Краснодарский край
2023,1178885.16,584767.95,455548.06,0.0,116387.88,38279.27,43425.54,656078.19,604589.47,32874.23,21235.67,1196.19,3326.76,317403.96,87966.41,50627.68,5,K,Нижегородская обл.
2023,351627.07,123453.75,106984.46,42389.77,48828.92,25017.18,19491.64,605821.46,584121.88,76269.81,49900.82,2176.68,96.21,307155.13,91358.99,43176.12,25,G,Башкортостан
2023,32372591.17,15797184.35,15562018.21,3216660.52,5037469.56,291855.32,2811886.85,23461231.6,17958753.0,7874613.34,6792233.96,116885.92,70598.31,13864902.87,4574469.46,1457481.95,1,M,Башкортостан
2023,37311.51,21978.05,12410.08,2590.77,1600.89,13799.2,3464.14,69527.94,56647.18,19246.66,14210.59,527.07,150.25,37613.88,13610.69,1424.47,2,H,Свердловская обл.
2023,24442.36,9909.82,16616.08,1908.34,183.0,741.03,0.0,44795.19,30514.47,13848.49,12326.99,94.38,0.0,20783.49,6202.2,1924.69,20,J,Санкт-Петербург
2023,31418.27,12769.25,17684.27,2478.45,1447.41,9632.84,2106.78,29273.66,22402.57,4262.64,3943.88,828.52,47.14,14940.96,2182.92,2603.78,17,G,Ростовская обл.
2023,1536.79,924.49,684.66,117.09,32.25,102.34,0.0,4015.58,3052.22,492.93,346.34,0.59,0.0,1330.79,651.77,290.88,14,F,Татарстан
2023,36457.34,19785.47,19805.02,3874.66,1003.82,18528.81,3044.73,81363.77,64967.56,13898.18,12163.57,2158.44,129.42,40489.0,8468.68,1566.25,8,F,Москва
2023,30479.11,16913.46,16846.05,2222.47,3607.71,2953.67,1318.12,74065.76,60235.91,13096.33,9027.88,209.38,72.72,23659.89,5592.2,3620.94,5,C,Татарстан
2023,259308.11,113116.86,91361.07,16701.82,1629.11,83120.57,16079.79,388559.31,324828.91,88998.9,93268.52,5771.62,692.09,148933.91,33729.44,22249.67,4,J,Краснодарский край
2023,565187.22,291320.04,182020.77,36443.46,79480.2,363.76,5841.87,415463.6,333934.8,99555.88,69375.04,602.3,76.58,46425.47,69099.51,14440.2,0,N,Москва
2023,28314382.73,11647546.85,12157549.46,761589.96,1264039.97,4686396.0,1983228.48,68875879.38,45384089.61,24274926.02,21923425.9,330500.72,340432.99,31692751.42,15018514.16,262824.82,4,C,Ростовская обл.
2023,1768532.81,1208844.81,925643.59,231695.56,128253.81,495238.7,14628.85,2304732.42,1581399.73,620789.98,547074.16,8405.12,250.18,819592.35,350191.94,119791.88,2,C,Башкортостан
2023,30690.72,21645.78,13402.24,4909.78,230.62,554.27,1296.42,22852.72,16576.43,5178.47,4235.63,22.64,0.96,12137.41,3669.44,782.59,4,H,Ростовская обл.
2023,19770.67,5398.81,4562.29,1194.17,650.89,239.78,216.57,57987.03,43593.25,15130.58,10584.37,0.76,2.93,26617.16,12127.68,1990.3,20,M,Нижегородская обл.
2023,454286.49,186517.94,147034.85,45807.69,3415.58,30126.95,0.0,1936101.7,1713599.92,289979.86,220916.03,275.75,0.0,1030799.11,140904.17,83071.14,5,F,Челябинская обл.
2023,10975.64,3572.8,4512.34,735.81,2860.89,3573.55,377.54,16039.49,10645.51,5708.26,2977.25,31.08,1.47,4998.55,2823.09,759.09,25,G,Татарстан
2023,16512157.97,7471692.2,6785178.06,1026475.72,2174878.02,1548966.84,1556841.74,72505145.61,53962570.57,14791891.26,11936026.8,51035.35,15442.55,37980994.24,10833755.89,3612086.29,2,G,Москва
2023,2782899.25,1495764.67,1827544.02,369712.8,137031.36,250335.83,388920.22,4345542.66,3803657.61,683260.24,561608.38,2041.05,640.0,2740236.77,774822.74,140448.82,2,G,Краснодарский край
2023,53234.66,17703.36,13504.65,1263.99,1077.86,971.85,1873.53,65659.46,49245.4,17812.32,14178.96,120.66,65.56,32594.4,8261.65,2993.8,12,F,Татарстан
2023,1499.71,617.46,720.87,66.65,325.12,0.14,103.12,1632.38,1348.42,196.58,83.19,0.48,0.24,814.62,178.1,24.24,12,G,Ростовская обл.
2023,3588327.32,1433200.88,2148308.5,147424.77,121286.71,715427.27,163278.38,12136620.5,9297207.11,2363463.09,1484547.01,40231.53,1113.22,5303214.88,1905758.24,682330.29,6,K,Свердловская обл.
2023,175215.96,101816.26,121350.01,27124.31,2460.4,1927.0,13229.29,176964.18,142576.2,40479.93,27940.43,33.27,38.7,65040.2,41137.02,0.0,19,J,Москва
2023,2950462.5,1653444.06,1096015.12,422327.78,195485.45,355723.7,131400.99,6357254.45,4813412.66,1469300.58,1197478.61,80017.99,257.22,3153956.23,1227239.4,281055.48,0,C,Краснодарский край
2023,2208.03,975.38,1057.59,213.59,508.44,651.97,108.95,2490.59,2108.8,579.69,472.28,156.92,1.02,670.94,310.37,170.32,19,J,Самарская обл.
2023,42725.8,24632.41,20866.05,6546.17,13.12,1199.83,3257.61,50635.33,31672.12,20231.96,15367.65,15.5,82.91,19151.52,4200.27,1458.97,1,H,Москва
2023,235347.99,110142.38,104366.9,12077.93,5120.66,30908.9,7191.46,587684.4,437042.55,136342.57,116740.53,1716.83,721.33,142745.2,38726.42,37804.92,19,O,Краснодарский край
2023,227098.13,115650.11,92687.51,24042.23,50649.55,2233.77,11027.28,280160.81,226834.24,53183.61,34933.71,75.11,689.39,97953.85,60460.1,20483.86,0,G,Челябинская обл.
2023,71228.67,57055.43,33642.51,9698.63,1069.22,7912.56,5505.52,86790.54,72328.59,14737.0,12574.03,1205.87,344.69,42024.37,8873.98,0.0,13,K,Свердловская обл.
2023,615436.04,462235.03,71470.88,114518.99,5917.28,13222.89,69143.06,1617655.85,1503279.92,-34737.26,-42597.83,708.39,401.72,761170.71,216319.94,75985.73,11,M,Нижегородская обл.
2023,7364.35,2614.81,3695.79,446.56,497.48,1176.79,94.23,24418.7,18091.75,5212.73,4302.1,3.7,0.87,10380.18,5275.92,0.0,0,F,Москва
2023,178876.59,120645.08,77836.6,18000.8,28325.04,7693.89,11691.41,368352.74,341812.25,39458.43,29915.61,755.16,27.87,160984.92,25528.66,17546.79,23,O,Нижегородская обл.
2023,199572.95,134055.05,78492.64,29930.83,10351.99,14907.75,28784.34,214604.11,153248.28,70425.78,70403.9,100.99,1301.5,49662.3,48202.92,10699.43,5,H,Москва
2023,546258.28,206354.8,363602.33,51608.0,227888.42,59970.51,35048.04,631304.08,576295.17,74067.39,62156.13,7184.02,76.1,241627.71,86689.4,220.4,2,K,Свердловская обл.
2023,1436177.23,966283.95,486875.45,122266.21,130617.35,32376.89,174849.8,2229868.27,1921581.65,477234.61,316788.19,9033.46,4267.2,784612.24,206420.77,197336.13,12,C,Нижегородская обл.
2023,11559.51,9024.39,4295.87,1580.3,71.17,1877.35,915.67,20246.33,13942.72,5755.16,4660.51,61.83,7.82,7169.1,2786.55,1128.13,0,G,Башкортостан
2023,4029.84,1537.86,2655.61,146.6,1591.99,174.31,183.4,3668.54,2974.1,1001.55,871.64,42.75,1.53,1760.74,417.74,121.13,7,J,Челябинская обл.
2023,7600258.05,3134153.2,2433242.7,0.0,318645.38,990292.49,501885.02,16276155.27,12612008.87,2930969.8,2079309.02,8303.64,70471.26,5435410.13,2800165.87,1290822.63,9,G,Москва
2023,307961.35,216388.8,109014.06,42420.16,8347.93,6367.83,41896.19,479493.79,404001.55,51213.42,46640.71,206.72,1776.97,172393.32,56385.29,6754.98,14,H,Башкортостан
2023,33094.94,19549.99,13315.98,4471.32,2160.89,4627.19,0.0,20937.17,15863.53,3231.22,2668.48,35.81,0.0,4423.88,1139.36,532.15,0,G,Нижегородская обл.
2023,8000254.22,5061932.38,4167237.52,1017272.99,232229.88,131698.48,106672.74,7500802.97,5620166.97,1713444.85,854842.09,29981.37,2715.65,2929721.24,1042400.64,30084.89,6,J,Нижегородская обл.
2023,235570.21,141598.52,104813.74,3403.33,1704.12,15660.86,25284.77,273129.12,250434.67,15815.38,12904.73,126.16,1553.54,85002.22,22443.77,23494.81,10,H,Москва
2023,4909995.03,2988244.52,1300583.83,454010.1,561.45,167311.28,249179.67,7062817.74,5439273.07,1809274.63,1323080.02,7594.48,7752.13,3022323.04,1131576.37,400086.92,13,C,Башкортостан
2023,224391.36,78767.91,79914.69,199.45,10718.36,37154.26,4702.19,860945.37,742687.83,128756.37,108729.81,1004.55,412.19,279711.85,78039.09,54401.45,22,J,Краснодарский край
2023,33044266.71,23365523.53,11470242.19,6766096.91,4793183.31,1204895.29,578304.67,55530572.84,42062457.11,-5781152.72,-13453131.59,76822.03,5731.55,23903369.67,6974604.4,3110824.06,14,G,Самарская обл.
2023,18076156.5,13113139.84,7424482.57,1221038.32,1228265.82,4630412.42,874633.29,17711387.68,16766774.3,596827.04,479502.45,298844.08,23737.31,7182524.27,2818402.32,1088813.85,4,G,Краснодарский край
2023,13301254.82,6858012.44,6266237.63,11319.02,39142.21,20892.18,640.07,22157449.94,15779794.4,5966122.99,5845787.89,1833.0,22.5,76575.81,18175.81,6724.01,6,C,Санкт-Петербург
2023,1435701.99,780273.1,675045.09,199492.09,38828.14,37679.43,175924.79,1796086.35,1290641.87,345953.6,262424.9,1955.03,2634.24,843660.91,291902.67,99536.28,3,F,Башкортостан
2023,597193.89,191301.43,123546.63,20651.52,15724.66,68188.95,18872.62,1047981.23,977191.9,19388.64,16576.87,3770.15,1199.07,247361.52,192843.59,54654.39,8,F,Свердловская обл.
2023,2762569.87,1732513.13,1512984.7,154847.18,38467.17,30434.37,167227.31,5509342.03,4052150.6,1244857.64,1091233.62,2328.3,19576.78,1617053.13,507428.66,208408.29,42,O,Москва
2023,27025.97,17183.34,12170.02,3574.64,387.45,1611.24,2324.64,73804.04,69383.73,9710.68,7460.89,36.14,47.48,31405.16,10832.97,3621.38,9,H,Ростовская обл.
2023,649635.13,351239.1,380779.63,39498.27,17448.35,97398.08,55404.7,957444.36,832195.38,134414.16,117404.44,4702.1,823.34,313098.86,0.0,53111.25,1,C,Ростовская обл.
2023,2147221.27,1543107.01,1016287.98,290410.84,270423.46,277536.45,241887.1,7269262.45,5557605.78,1952330.59,1383498.07,30333.53,4633.65,895305.31,1180285.9,379535.33,4,C,Санкт-Петербург
2023,1844.77,922.18,1018.6,130.37,348.57,216.95,151.62,4333.45,2594.31,-1734.42,-1602.74,0.77,8.71,2404.87,584.84,88.6,7,C,Москва
2023,9265.71,5880.86,4410.34,220.58,2737.0,369.19,365.49,9704.61,7550.85,2733.23,1701.44,97.4,11.37,4774.88,978.49,224.18,8,J,Москва
2023,1269.83,504.19,738.47,0.79,26.85,72.36,41.41,5719.11,4519.03,1572.14,1271.81,0.29,0.06,2699.98,948.15,409.81,11,F,Татарстан
2023,107433.25,58708.74,51854.81,11632.24,18316.38,1400.58,8579.81,188739.35,169246.68,634.35,519.55,203.37,201.09,67807.95,39377.61,8278.13,8,H,Москва
2023,821537.13,430359.64,335392.67,58130.99,26149.63,125151.17,29417.95,807235.04,757868.35,20898.87,19258.55,6219.5,15.4,373562.28,101872.35,49801.97,1,G,Москва
2023,6620994.32,3865311.25,4586310.9,524726.88,63418.82,556922.43,385346.8,22571816.8,16059876.59,7071456.69,6187077.69,62385.43,17427.22,7890293.84,2319463.54,635568.23,20,M,Татарстан
2023,213205.32,105445.16,112291.93,24850.17,34802.15,31561.9,13067.38,898875.42,773139.09,154697.58,115377.25,7113.97,156.01,395941.8,142248.17,18460.28,10,G,Краснодарский край
2023,8858885.51,4697681.93,4330660.25,1286579.43,716429.88,304328.69,691081.18,12999466.74,11134566.04,1423897.21,909327.01,3700.79,13241.25,4263066.93,1081811.29,430647.21,3,H,Челябинская обл.
2023,8366.16,5638.01,2232.45,891.91,120.47,393.76,0.0,9702.36,8609.31,944.85,786.06,13.97,0.0,5546.15,1134.99,441.93,2,K,Санкт-Петербург
2023,2667.34,1292.29,707.92,197.4,119.89,130.21,184.65,3650.61,3029.53,512.04,467.64,10.94,0.26,960.02,770.72,133.97,24,H,Краснодарский край
2023,176591.44,54569.13,80371.33,12005.83,4784.01,552.65,4691.67,376607.93,220598.18,158088.96,137635.76,42.45,24.3,204584.12,57662.05,28576.51,14,M,Ростовская обл.
2023,518672.53,421389.06,226899.81,30106.21,55386.78,25960.87,60025.8,1465865.38,1120592.16,433018.35,394106.15,5897.75,913.77,621368.0,82127.53,78556.41,0,K,Свердловская обл.
2023,213268.09,161490.46,73855.87,31951.25,10306.27,41615.4,23677.07,423178.33,281172.06,125691.86,94843.71,3539.75,185.58,157021.72,25454.35,36807.53,0,G,Свердловская обл.
2023,978.19,348.39,427.39,78.09,354.94,267.15,68.45,1535.43,1166.52,445.74,322.72,72.68,0.85,670.52,242.76,89.19,1,H,Татарстан
2023,88269.54,57680.27,53900.49,13521.32,397.57,7735.21,10452.08,278495.23,244518.93,-10022.89,-26457.95,3.47,1977.33,137391.39,53782.87,487.08,0,Q,Москва
2023,7035.56,3338.75,3542.04,83.67,246.82,513.22,603.63,8976.04,7275.22,1320.41,1021.06,9.28,31.61,4996.74,620.41,638.38,5,K,Татарстан
2023,714097.16,420976.76,202145.89,50134.79,37566.5,2682.98,78562.77,1783759.86,1596124.53,260644.14,200844.32,3532.99,5075.12,805036.33,307672.94,35334.44,8,O,Свердловская обл.
2023,347288.32,206335.67,141214.01,22643.06,19432.42,88085.72,24240.88,448596.55,365236.27,104039.15,83730.85,5969.52,2011.14,148454.23,97128.86,24498.16,8,F,Свердловская обл.
2023,18512.65,9531.03,5987.07,1791.75,562.35,29.09,971.51,34259.57,22274.46,13443.56,10277.39,66.48,12.15,14579.61,8372.8,1182.17,10,H,Челябинская обл.
2023,65304.59,28240.0,24389.7,6169.3,6825.76,22693.78,4302.9,92045.32,48592.13,37397.54,28570.4,86.9,45.5,55381.77,15331.17,8546.8,1,O,Санкт-Петербург
2023,11595.21,5176.32,4294.47,1551.53,1927.05,934.77,745.0,16821.64,13371.2,3058.54,2100.59,130.03,5.96,9332.11,2949.51,1325.41,0,G,Челябинская обл.
2023,152657.5,62982.09,55366.21,8842.86,34101.13,7665.56,5130.27,188576.47,143055.5,53280.79,47579.44,1757.87,272.82,96339.26,8173.05,6631.03,2,Q,Нижегородская обл.
2023,2953555.58,1255930.6,795639.89,176074.19,386380.52,914385.44,156098.87,8631659.17,5889427.89,2760160.03,2178269.08,2362.6,5329.38,4312106.77,2200966.29,409596.8,2,C,Краснодарский край
2023,14882.05,8035.16,6022.49,2185.35,2263.26,44.1,786.6,15389.61,9386.7,5176.73,3929.48,83.13,6.36,7540.06,1865.61,844.77,0,O,Татарстан
2023,1252461.31,554384.47,441777.03,112942.62,80129.49,130892.07,27034.02,1290454.57,911739.29,408287.2,281844.12,9922.02,383.77,691522.97,133338.08,86806.66,3,H,Башкортостан
2023,51226.33,33415.33,3507.27,9403.48,7163.73,4893.99,5928.8,220688.09,167844.52,44956.1,27880.45,128.0,125.69,82611.74,30287.17,11163.07,12,C,Самарская обл.
2023,13221.36,10221.26,8810.14,2075.92,382.57,392.82,1055.98,32161.1,27227.19,7819.6,7326.62,12.38,23.79,9149.56,7255.02,948.82,13,N,Ростовская обл.
2023,156127.24,72285.66,85971.83,6319.98,6348.68,10494.92,16114.1,70676.59,56460.92,19674.88,16655.9,861.23,1061.49,30171.86,18404.35,2519.54,14,G,Ростовская обл.
2023,13714.95,8035.74,5140.97,589.42,418.18,1738.47,19.85,15422.96,14510.02,1378.78,806.77,68.12,0.29,5216.69,2410.15,769.77,10,C,Москва
2023,60042.18,37523.53,25353.31,2096.78,3025.94,9357.68,2498.81,36199.76,24486.95,14176.22,12355.67,1208.66,179.29,11384.75,7236.49,2703.73,6,C,Краснодарский край
2023,9969.24,6188.91,2785.42,1441.79,268.2,0.86,631.01,9245.7,8026.25,1249.41,1112.84,5.64,11.02,3217.25,1406.83,541.4,3,K,Москва
2023,21216209.3,11910637.54,13228025.28,3276470.43,5533180.32,7032655.91,2003879.79,6589702.12,5171136.12,1670766.26,1328134.09,194861.8,82473.04,4405422.74,646517.17,227553.63,41,Q,Нижегородская обл.
2023,123114.42,81428.17,79738.09,26704.28,3695.35,2655.66,10094.5,171506.19,145688.83,38489.26,37402.84,1330.79,806.42,74367.22,38389.46,10799.31,0,C,Санкт-Петербург
2023,26581.73,16542.8,11664.15,4093.49,219.44,848.57,1962.45,22404.3,16497.38,6181.94,4982.68,129.26,140.2,10220.64,2663.73,946.81,3,H,Татарстан
2023,215301.28,78445.16,116870.63,21417.65,12888.34,7900.95,2538.81,330957.84,293615.22,33119.81,20202.46,30.58,4.47,98547.24,75053.47,22441.64,2,F,Нижегородская обл.
2023,103261.81,70256.59,45542.01,9386.19,485.69,477.74,2148.69,68354.47,55334.48,7194.06,5926.62,70.95,14.85,16106.0,14691.23,6872.37,35,M,Башкортостан
2023,111764.53,76345.64,29013.28,6679.23,1047.41,1761.07,9111.87,173790.43,123748.43,49319.61,39918.68,16.42,177.13,58757.63,31404.25,7442.31,31,C,Свердловская обл.
2023,1247170.7,543151.67,462178.01,134705.06,24711.82,642643.63,9860.18,1511979.02,1177525.63,396703.32,280709.01,929.96,167.09,852483.35,365065.43,99839.15,15,G,Краснодарский край
2023,1217330.29,676459.09,530550.71,144366.15,60795.89,55313.48,46058.3,3848319.88,2909500.75,1120774.13,951343.41,1856.51,1415.09,1744934.24,1006787.06,135045.75,7,F,Нижегородская обл.
2023,30181.43,19693.37,11029.93,3714.08,1371.05,443.7,2561.22,91186.36,75586.0,17899.92,10379.81,28.47,222.45,43756.64,12878.96,4354.58,2,J,Москва
2023,44083.25,22861.7,17358.29,4823.58,5670.51,598.61,938.71,97392.84,64476.24,30280.67,27218.33,536.33,3.36,48098.1,10670.39,4927.23,27,N,Москва
2023,117167.55,83299.88,47925.28,17147.68,12607.74,17870.94,16353.55,148457.4,115361.02,18422.69,12428.41,1889.95,294.96,53573.09,8430.38,6847.79,10,H,Челябинская обл.
2023,429.35,388.38,176.16,109.8,19.09,99.34,67.36,1728.4,1416.48,269.13,178.11,23.66,0.43,965.82,453.25,171.56,25,C,Москва
2023,3539.77,1529.54,1508.9,433.78,114.98,126.16,8.74,2429.16,1902.76,489.43,375.07,14.99,0.59,866.53,310.97,106.56,6,J,Свердловская обл.
2023,4983246.41,1708472.69,1458732.73,381907.93,151683.22,12636.24,75271.42,3685116.92,3370754.8,256703.13,213565.91,4450.79,7543.29,2065962.17,761904.71,227508.18,6,M,Москва
2023,7857270.11,4679576.28,2623998.7,1158963.65,934825.65,238010.03,0.0,11240773.76,9637865.02,1950561.34,1559807.12,70393.87,0.0,5218306.83,1269501.87,128125.29,13,C,Татарстан
2023,106074.19,69821.68,28199.81,15439.32,453.8,740.51,3703.66,488411.26,380595.42,156307.19,107989.65,449.19,12.2,117753.75,110827.0,28640.4,3,C,Челябинская обл.
2023,663383.12,341887.79,356460.87,48926.34,684.85,8688.18,49909.91,894426.95,717034.28,182917.06,131566.63,580.36,2303.58,308755.33,102853.84,65151.04,24,F,Свердловская обл.
2023,401910.67,308663.01,67248.64,74241.22,51039.58,27238.37,23201.06,547086.66,442903.06,98255.04,63279.68,5613.1,831.4,132124.79,49464.32,21581.5,4,M,Москва
2023,274635237.97,95905132.53,153364786.96,6563785.1,14247059.59,8610103.34,12242082.5,199235717.1,163439027.92,33214376.99,25011701.7,3184603.52,160859.03,106855736.17,27808261.15,0.0,20,J,Санкт-Петербург
2023,2344774.49,1533336.66,1374886.49,405278.24,26313.13,204152.54,13278.6,5613385.55,3353628.51,-1630755.33,-1338833.11,1390.22,870.01,2343736.99,692754.73,276329.93,1,J,Санкт-Петербург
2023,146813.8,67405.28,56338.08,5691.58,3154.96,5150.54,9967.79,352747.77,264506.99,73631.84,57395.17,506.66,1113.22,69549.78,63429.34,17758.62,10,G,Москва
2023,13350.36,10785.85,1436.81,2188.06,2879.07,4521.62,719.35,29549.93,18662.44,11065.08,9771.9,703.99,17.61,13521.3,4356.55,1905.42,3,G,Нижегородская обл.
2023,4924.48,4180.28,1854.77,469.81,773.17,1396.9,421.08,5363.45,4869.09,615.26,587.35,334.99,10.54,1964.54,972.85,483.88,5,Q,Нижегородская обл.
2023,240089.78,104439.42,98988.51,23422.75,23761.85,24102.23,9861.96,251554.48,194681.79,59510.06,42218.68,567.07,104.48,68327.08,34072.78,10665.64,6,G,Москва
2023,26279.08,12287.22,7850.3,2178.35,1383.78,1380.01,291.29,20536.67,15621.55,5384.95,4079.69,96.88,7.68,12071.39,2397.55,675.13,28,O,Татарстан
2023,6149.6,4175.2,2202.63,218.86,361.42,354.13,128.66,9567.04,8320.26,1454.26,1513.22,40.83,2.24,4120.8,1155.91,255.07,9,J,Татарстан
2023,21121.74,10390.43,12749.58,2219.98,6249.85,1345.31,1642.39,18358.62,15095.05,1637.09,1560.67,107.97,17.73,7171.92,4630.91,990.66,5,C,Санкт-Петербург
2023,6424.59,3489.76,3210.95,466.81,1734.47,1002.55,432.52,5319.74,3548.99,1940.15,1123.95,125.56,0.9,2021.81,857.85,316.99,18,H,Нижегородская обл.
2023,6991160.99,3871762.72,2160634.43,969844.57,135580.62,504052.73,631108.72,8438472.23,6522175.05,1633180.18,1349754.49,9525.37,5515.24,2267181.66,428774.72,329833.65,2,O,Санкт-Петербург
2023,2154080.75,564474.76,491751.0,101665.32,287192.67,502251.66,67443.16,2516290.96,1878369.19,500049.27,390072.03,16011.93,446.07,728579.74,311993.78,165002.4,5,G,Татарстан
2023,135200.07,74079.41,51478.5,15677.7,2376.31,46791.62,8043.5,154125.38,93330.12,52284.06,45966.81,1432.1,188.45,84536.49,23865.28,9140.82,0,N,Самарская обл.
2023,14179674.63,6331803.73,5592253.62,654673.58,272488.21,696605.51,0.0,26709835.63,18989955.32,-12139076.38,-8655576.6,36500.96,0.0,9952397.61,6470991.45,1358586.01,18,G,Москва
2023,166732.58,79369.97,79955.59,10544.57,15036.6,16457.71,6649.46,258763.65,197086.29,58797.65,39938.12,939.61,187.11,109251.77,52124.04,8267.94,0,J,Нижегородская обл.
2023,19973.36,15310.48,7105.76,2194.13,829.61,239.4,1505.89,25798.64,19826.38,3802.63,2657.55,36.33,22.2,5561.33,2680.84,1041.3,2,N,Свердловская обл.
2023,11645648.85,4210181.16,5605981.85,1046382.42,2498289.83,312657.77,914394.22,19038040.04,12027793.11,7465292.08,5310574.19,49846.66,15001.09,5486587.92,5157743.69,26746.43,16,O,Санкт-Петербург
2023,1142926.89,768024.9,745438.04,241305.87,8523.77,73173.5,108458.48,1038553.52,929678.38,-41693.46,-32967.09,707.18,5847.66,499524.77,154164.94,56825.23,10,H,Челябинская обл.
2023,22591.65,11480.07,11699.32,1326.94,1294.9,626.04,2206.05,35524.4,27346.32,8426.44,5378.22,4.66,42.8,16262.05,7542.42,1794.94,0,J,Нижегородская обл.
2023,145315.6,73825.55,60193.99,19648.51,29149.34,36480.1,10029.37,233739.94,183194.92,53332.36,37614.58,715.79,1325.12,139154.16,21562.41,12568.1,9,C,Свердловская обл.
2023,24789.44,16573.12,9866.74,106.5,4649.69,512.59,950.0,17442.23,14303.75,3910.8,2210.85,225.11,16.51,9668.15,524.87,1048.04,18,G,Ростовская обл.
2023,6128.83,3683.47,2311.79,311.12,83.46,447.29,394.23,15042.06,10547.38,5834.69,5256.21,40.93,12.4,5970.63,1197.02,868.17,0,G,Самарская обл.
2023,2082234.58,1323451.54,1169543.08,136709.53,76078.63,232537.62,151102.99,1999155.38,1650573.85,212171.53,197854.96,2861.23,234.25,934196.03,0.0,95544.31,15,C,Краснодарский край
2023,16324635.19,11349338.56,5627467.2,814874.62,1260620.44,2306110.18,495406.18,25478379.45,18937889.26,6473642.75,4795358.56,20493.0,15745.16,9894265.1,6512387.58,1298718.63,6,G,Ростовская обл.
2023,3858.84,1930.59,1641.65,102.93,53.6,223.66,148.53,10304.41,7113.56,3048.48,2268.82,19.18,8.5,6445.21,1656.19,225.81,5,G,Башкортостан
2023,664247.93,304334.82,283065.1,64835.46,182945.17,162074.99,26676.16,1574186.41,1318136.73,290189.83,242130.51,6280.6,2285.0,842034.63,163349.86,60331.62,5,Q,Москва
2023,30404.27,11773.37,10939.03,1917.58,5988.81,3065.0,2311.55,46143.2,42874.76,3766.03,3603.85,1369.92,410.68,20163.13,7965.76,2353.74,10,K,Свердловская обл.
2023,42033.33,17914.12,10731.28,3768.28,614.23,2920.17,0.0,52311.35,44594.53,6794.71,5633.04,221.41,0.0,23019.06,8341.92,1845.7,0,G,Москва
2023,45612.24,43331.63,20924.93,10193.24,471.26,381.0,7468.17,109282.04,95326.48,11546.43,8039.72,16.86,191.9,61688.08,19785.15,7344.08,11,Q,Москва
2023,24999.59,18417.25,10316.82,3706.46,178.55,1874.69,806.53,52258.72,38041.06,11300.45,6619.14,35.09,14.5,24977.46,10999.24,1924.55,0,F,Свердловская обл.
2023,188683.47,65537.1,90573.51,15245.31,36254.14,38919.24,1158.38,206621.44,128154.48,-103407.52,-63000.95,2787.82,28.83,118985.6,27998.02,11224.94,6,H,Челябинская обл.
2023,31757.49,11166.93,11304.65,1947.93,546.75,3633.01,1907.27,31838.67,29578.56,2991.13,2359.36,17.23,9.8,6387.96,3375.15,1666.16,0,J,Татарстан
2023,227211.22,141388.97,128714.83,12023.79,9785.39,48662.06,20347.84,120265.58,117860.27,7924.11,5557.66,365.87,1183.62,56058.53,23017.48,7808.31,13,C,Ростовская обл.
2023,135443.1,85612.19,42635.75,22655.14,6455.23,11072.34,15005.34,218233.92,203891.74,10955.24,8801.4,169.5,1081.81,80409.71,41489.9,14843.36,6,K,Свердловская обл.
2023,72228.01,45672.12,45174.64,6068.5,5280.28,1092.84,6761.4,103386.98,77170.25,22821.31,16286.41,474.93,121.14,61581.19,16028.79,6604.43,7,C,Татарстан
2023,9615.48,4920.79,2021.98,517.43,57.26,15.85,1100.24,25316.85,16823.97,7127.9,4654.68,2.64,10.86,14548.07,6553.97,199.49,6,C,Санкт-Петербург
2023,37543.95,19942.66,17727.22,3305.83,772.4,1627.69,2662.81,67023.26,45135.59,23090.46,14749.18,1.27,12.13,28369.85,8586.28,4951.88,12,F,Татарстан
2023,1037115.45,621420.84,494757.67,66476.57,222422.37,149008.19,56307.79,3014873.44,1843977.22,1014153.97,981176.26,20788.52,1944.76,1729220.15,316583.12,242836.49,8,O,Санкт-Петербург
2023,896566.63,504662.97,290965.59,73986.4,171454.69,168040.2,60850.03,943777.56,726012.34,305001.55,270438.33,9354.95,683.29,564672.92,161295.9,38088.52,16,K,Ростовская обл.
2023,17074.74,3707.01,8040.96,769.29,2076.3,718.42,647.27,45000.58,42326.09,-267.75,-264.45,99.92,46.66,19235.08,5231.46,2463.01,0,K,Москва
2023,153441.51,79103.71,88005.19,16443.08,240.5,12603.55,4211.28,175714.63,134568.19,43550.74,36791.41,154.74,140.45,117235.64,30710.67,5655.09,0,J,Москва
2023,1857413.67,784365.43,286007.79,84847.63,58845.84,121844.45,47757.41,4087702.4,3311988.47,1095955.71,798295.27,7249.98,1486.55,1704023.68,442900.87,45097.29,5,G,Ростовская обл.
2023,3614.82,2083.15,1736.3,293.69,285.93,229.26,169.7,2600.39,2386.02,292.27,274.38,99.7,4.17,1036.38,338.02,91.6,29,J,Свердловская обл.
2023,753911.14,716215.59,91078.12,190475.13,19411.46,23804.1,0.0,1265018.67,935595.75,340534.45,264265.57,164.83,0.0,640842.34,309350.22,49585.21,0,G,Татарстан
2023,29012.89,17556.34,8823.41,3857.34,5578.28,510.44,1901.08,16044.98,15724.08,-456.07,-367.82,101.67,153.25,6171.24,2081.37,688.38,0,C,Москва
2023,508217.56,255618.46,312807.89,88445.32,40853.37,13356.74,0.0,663375.29,649583.35,-32039.63,-24826.26,754.57,0.0,284278.85,73009.37,20446.37,0,K,Татарстан
2023,21594.42,14862.79,7562.07,4078.5,128.92,147.5,1533.6,40149.57,30790.26,10905.17,4649.65,3.95,235.85,22521.64,8372.55,1418.54,8,C,Самарская обл.
2023,2476.05,1541.1,691.15,418.48,474.8,65.61,234.12,2846.76,2056.06,1005.08,977.51,12.86,5.41,1201.11,277.41,141.71,1,F,Башкортостан
2023,4897.69,3002.36,1940.7,207.07,1239.92,5.43,214.33,4321.25,3671.87,554.56,465.23,106.13,7.96,1082.47,498.47,149.5,13,M,Челябинская обл.
2023,291613.75,186932.46,194841.36,45071.07,1887.28,34534.18,37503.69,664137.62,494946.9,131366.03,107664.81,4443.83,65.09,303332.86,118766.44,40426.38,0,K,Москва
2023,269049.71,230974.21,53863.25,40594.05,16359.45,12279.85,2857.14,381139.23,253207.75,81086.25,62646.17,323.5,85.62,133540.0,75054.16,24253.11,2,J,Ростовская обл.
2023,12128.62,4613.32,3563.91,627.05,350.75,5264.73,791.07,14165.12,12863.68,606.8,485.21,219.84,34.33,7175.02,2989.18,1382.63,5,G,Москва
2023,837977.91,520421.83,502528.48,100671.04,33449.49,21652.06,73123.55,1276579.74,1151021.41,118303.73,83797.67,2791.1,3306.79,625037.66,143792.55,92569.39,7,G,Санкт-Петербург
2023,88631.72,36431.43,56983.49,157.99,23.82,76.58,0.0,494142.73,393115.82,140536.66,120016.84,3.7,0.0,4754.53,1507.33,459.93,8,K,Москва
2023,152017.48,96276.76,61960.54,21187.29,10494.32,8079.78,25286.87,403730.25,263923.93,153394.55,95587.54,528.71,194.62,206206.53,51150.44,15178.12,0,M,Самарская обл.
2023,7541.52,3108.59,2046.12,341.08,1912.28,7.68,298.97,20119.92,13219.74,7207.09,5782.45,20.46,33.23,10643.93,2408.7,1124.2,23,H,Ростовская обл.
2023,27739.11,13519.91,18626.85,3236.62,1551.86,6083.67,640.18,51450.32,40682.95,9738.06,8251.92,255.74,102.47,18166.61,10812.83,2908.59,3,Q,Нижегородская обл.
2023,113559.9,57431.39,69422.93,7408.25,786.33,443.12,894.48,184117.31,134408.01,-65268.73,-34630.09,31.53,2.11,92132.05,22558.47,7315.67,11,Q,Ростовская обл.
2023,22093.67,15385.43,11079.4,3036.08,1710.21,7466.99,1335.44,9946.79,7419.22,3226.66,2660.39,728.44,110.41,6135.63,1630.38,653.25,8,G,Москва
2023,53039.96,36479.2,17106.01,5680.98,1764.55,14170.02,3369.06,56348.49,49710.43,7203.63,4761.88,1149.08,34.54,19785.93,8890.61,1241.81,0,M,Татарстан
2023,1417998.56,514935.39,587216.57,83672.21,219781.0,130485.52,54664.89,1663558.87,1419544.62,69124.25,45905.47,2519.62,1916.89,998091.79,160470.68,75046.47,14,J,Ростовская обл.
2023,16253.96,9073.61,6513.88,2189.46,741.65,1529.91,745.24,9496.19,8715.74,460.65,372.39,10.53,9.23,3466.73,1883.14,580.38,15,H,Ростовская обл.
2023,1304037.54,578422.83,599468.87,55982.37,22349.42,165979.18,79818.6,1090632.01,742652.43,301179.69,259444.0,22483.06,8223.8,365146.73,194147.82,48258.63,1,C,Самарская обл.
2023,16438.94,5938.14,9766.71,1992.93,278.92,965.57,455.71,9108.74,6792.22,2067.74,1147.63,47.71,1.46,4095.47,461.68,417.77,3,J,Санкт-Петербург
2023,1007404.93,521279.11,529421.56,17886.71,118012.83,125955.89,0.0,1474347.82,1261891.6,253952.52,213991.18,23793.38,0.0,724776.18,241602.93,69654.51,2,O,Самарская обл.
2023,5213660.06,2626264.38,1515688.51,347156.92,128750.11,28655.18,239090.67,11712599.02,9660643.43,1989032.65,1421792.0,471.51,4007.4,5987187.95,1304213.46,389888.71,10,M,Татарстан
2023,281.53,257.32,164.74,53.94,32.83,1.88,0.0,730.41,681.65,45.96,34.78,1.3,0.0,236.53,149.63,53.67,1,M,Ростовская обл.
2023,25550.04,15711.84,11691.08,3562.58,471.2,1873.54,1904.69,46900.63,38554.83,11425.93,7075.6,90.89,59.26,21736.28,3645.59,1390.1,13,F,Свердловская обл.
2023,510509.58,175287.23,256504.47,30142.73,15852.16,48866.1,7229.19,470460.14,453905.08,-83.49,-152.67,6378.44,30.47,165340.65,62183.61,26516.63,0,G,Краснодарский край
2023,107250.67,49902.01,63919.78,8753.25,5374.54,28154.97,5479.32,60894.1,50785.79,15784.25,14141.66,172.19,207.3,16508.86,10236.37,3548.48,0,G,Москва
2023,517978.37,364246.27,148457.97,77527.64,118851.0,6871.65,65143.44,321018.62,284492.08,25751.43,20187.67,1728.83,7704.01,105013.66,49025.01,9960.43,3,G,Ростовская обл.
2023,51954.16,44850.28,21597.39,7243.97,11156.87,10783.3,1931.93,41094.34,30724.12,10553.5,7746.97,572.4,94.62,14173.85,7731.81,2114.8,0,J,Нижегородская обл.
2023,196109.46,61206.25,69859.18,17838.84,3636.19,5548.7,10017.96,187587.07,146585.93,38363.64,29387.37,922.5,590.93,88571.02,13896.24,5966.65,5,G,Москва
2023,103746.4,27805.21,24054.32,6872.0,3680.99,6237.4,2057.49,142890.02,124470.7,19301.09,16187.93,1386.08,27.51,76477.79,33235.61,11119.82,0,J,Москва
2023,2317640.91,1925136.32,1069835.09,480949.01,30001.88,105873.13,395021.97,2082288.88,1960053.98,168523.35,140356.25,33447.39,4655.82,567797.15,367018.48,56688.94,8,H,Самарская обл.
2023,239902.53,145966.81,173062.52,14991.88,13690.17,14713.25,11398.67,423994.58,361635.02,71556.75,55170.02,4543.01,248.89,193000.68,92424.84,15654.75,3,G,Москва
2023,353649.99,148446.74,70443.78,25777.62,17463.68,6921.72,7358.57,469736.06,362487.25,89560.49,81603.5,7.27,10.33,142015.39,90993.52,11985.55,8,C,Москва
2023,64894.44,40896.11,27004.29,6378.27,11993.61,5453.57,5775.93,97322.95,89316.53,2542.15,2278.92,42.64,503.71,46998.08,14541.95,2223.44,7,N,Краснодарский край
2023,63263.25,9782.89,31433.3,973.91,13459.06,12280.8,722.49,166905.84,93601.15,94194.39,78144.1,205.54,3.36,59706.72,14318.87,13656.95,31,C,Челябинская обл.
2023,43375.53,23878.51,18858.35,4986.15,1678.83,3032.27,1182.3,35865.64,22874.26,12123.46,9535.74,101.06,82.76,11292.91,4369.24,2182.62,50,C,Санкт-Петербург
2023,682786.11,409107.12,277501.09,56042.91,36966.48,55268.67,29181.45,1255807.33,1065129.84,234581.29,201476.84,8169.61,76.41,627861.54,288180.36,66314.0,17,M,Нижегородская обл.
2023,52375.89,36068.16,13832.16,8383.41,9493.19,11872.17,3510.28,77591.65,60630.96,10723.72,8768.91,2384.07,182.13,28034.46,17013.67,2860.68,16,Q,Свердловская обл.
2023,333709.77,132788.33,149480.09,12533.18,43877.56,49030.24,23972.38,421377.26,354189.23,61296.91,55614.44,960.76,118.54,163664.45,50152.32,28717.8,0,K,Башкортостан
2023,23308729.22,13119389.9,7672961.48,4165711.3,6830.41,1885869.98,0.0,54133655.77,42572912.96,11216454.42,9959621.15,91483.73,0.0,10718522.92,491792.66,1814319.31,10,C,Челябинская обл.
2023,694216.87,285452.47,109137.41,30912.61,21423.54,24824.86,28940.55,1607268.57,1345435.79,299829.82,197230.91,5765.52,1103.63,827189.03,223997.81,105875.26,25,F,Башкортостан
2023,93915.88,55251.42,52907.61,10914.6,4115.7,24367.64,7596.75,87282.86,60972.29,14429.39,9374.55,887.43,74.95,43823.93,11836.85,2841.04,0,Q,Москва
2023,4090132.71,1700260.2,2188246.76,413756.19,85400.78,422313.4,189760.79,5570568.56,4662836.66,954006.78,663845.67,2774.8,7135.95,2342679.13,766016.51,206722.94,7,M,Ростовская обл.
2023,53928.44,26359.41,22984.27,3541.35,960.39,1617.42,4707.58,92597.66,81434.22,5840.27,5239.52,78.9,114.38,24745.97,16336.72,6034.19,0,J,Москва
2023,1017.18,407.51,455.18,101.14,3.13,38.27,38.93,1323.83,1194.17,-135.79,-89.65,0.98,0.13,716.11,256.57,89.06,6,G,Москва
2023,15284.06,9899.04,8389.7,808.41,1260.7,2980.81,880.29,30548.68,29937.7,-971.95,-804.16,182.8,71.04,10795.1,6094.92,1892.47,3,C,Челябинская обл.
2023,947.91,643.41,423.64,190.56,23.09,5.14,87.21,1627.58,1309.25,248.72,204.82,0.81,1.58,609.8,280.41,47.21,9,C,Москва
2023,57670.47,29689.16,30477.81,5377.65,248.06,33494.34,3145.83,215083.39,173656.42,38484.34,35387.03,29.52,125.14,140063.25,12896.72,8832.5,5,J,Нижегородская обл.
2023,216279.18,120194.06,83116.55,15900.12,4544.24,3624.83,9203.92,150119.33,94227.31,-51723.9,-58313.06,2089.49,191.95,52487.18,19956.87,7977.04,25,C,Башкортостан
2023,7383855.26,2456691.99,4263718.98,383404.76,956388.69,1408814.11,321749.62,10361301.96,7531204.13,2583740.03,1598856.76,92746.07,8950.31,5120772.98,2747863.79,342071.97,8,Q,Татарстан
2023,402474.01,203268.9,184532.04,49742.65,61404.57,24252.55,12368.57,381221.01,289991.69,68482.32,45532.35,2748.53,133.82,181540.96,64316.12,29513.85,12,F,Москва
2023,62647.19,33984.18,27770.64,4528.17,3306.97,5094.72,2152.2,126415.31,111881.59,2946.68,1880.46,1299.16,14.44,58026.8,21287.2,247.91,3,K,Челябинская обл.
2023,1488743.37,1404062.11,398376.81,168559.6,64072.57,379754.57,95926.03,989402.99,711281.7,328479.78,235009.78,3760.04,2250.8,443450.48,166194.27,34060.41,0,F,Краснодарский край
2023,640.0,245.25,290.84,39.8,195.08,40.9,44.44,1135.27,975.92,85.79,65.03,2.48,0.77,519.54,193.87,45.19,2,J,Челябинская обл.
2023,180682.54,139058.09,57848.3,11937.17,3235.66,16718.81,0.0,196707.4,153399.87,41550.14,26598.2,1646.58,0.0,87966.38,6067.32,0.0,3,C,Нижегородская обл.
2023,1585776.56,1109296.4,544565.3,361235.18,30767.79,9620.53,137259.82,1638847.58,1249265.96,451275.31,431635.55,610.33,4597.4,679807.36,226199.94,36178.24,1,M,Москва
2023,3239.44,1918.06,1043.6,258.34,89.44,0.91,195.75,2344.69,1887.21,385.38,239.31,7.25,6.89,1339.12,347.26,146.56,6,J,Москва
2023,2227319.44,1812577.13,650492.67,446853.45,33794.17,75044.4,0.0,2633360.65,1951015.73,573696.95,540154.28,1724.08,0.0,760340.61,563736.08,133262.99,7,C,Ростовская обл.
2023,402887.15,244075.41,271937.77,48023.69,15374.6,55175.79,28943.34,1033707.12,761941.67,283458.65,261411.11,119.06,359.14,539745.84,157520.06,84208.59,6,N,Москва
2023,81338.23,49484.05,47156.71,5009.63,15729.24,1261.77,6360.93,119823.74,73035.13,53486.35,47484.99,618.28,101.26,60179.58,8109.0,9694.28,5,J,Башкортостан
2023,583738.34,316404.8,379689.16,56802.14,44617.03,8459.75,42834.36,1191887.01,900118.52,222083.9,154736.51,581.22,130.96,583833.83,204413.93,69917.2,3,O,Свердловская обл.
2023,48410926.46,35511125.03,13228411.41,8619268.16,2056253.84,3074648.92,0.0,166009738.53,121519657.41,43243781.0,35507213.68,363827.85,0.0,88267036.46,18229324.8,9340498.92,8,O,Свердловская обл.
2023,291650.25,208375.47,124986.85,34369.26,63564.45,36526.09,37920.87,496425.34,361597.16,91825.47,57548.44,5129.59,60.32,203901.77,44261.64,25475.86,3,O,Челябинская обл.
2023,372682.88,169998.7,98678.63,46825.98,1481.13,55680.83,9475.01,420451.06,345479.3,66705.67,59321.94,7350.48,1587.22,98008.23,45531.51,0.0,2,C,Самарская обл.
2023,54422.35,19162.81,18314.03,5015.32,1027.81,1283.69,2705.68,102555.19,86747.66,15982.92,12324.78,176.58,108.27,42331.78,18165.11,2267.37,3,C,Ростовская обл.
2023,17418.37,9049.77,5396.64,2294.23,1162.79,173.35,1307.37,19793.97,15898.9,3049.25,2228.64,13.32,3.59,6351.5,4214.89,1029.55,2,Q,Краснодарский край
2023,1012124.83,435207.82,575646.08,62333.71,77403.13,342509.11,20628.06,1173323.8,1031987.0,114526.83,72512.74,33807.75,12.66,406925.21,204330.23,73122.14,1,H,Краснодарский край
2023,19646.09,10618.15,7317.23,993.99,63.44,711.99,1482.59,13707.35,11480.67,1261.52,608.94,39.8,56.51,4054.06,2489.27,764.78,2,G,Краснодарский край
2023,141107.02,103800.54,77355.65,13588.84,5823.8,32505.68,7979.19,334503.5,251043.0,84749.66,55542.81,2118.64,138.45,124524.12,58087.29,10754.52,2,M,Самарская обл.
2023,20526.07,9881.35,10108.98,1933.77,1719.93,4905.0,0.0,25246.68,18523.85,8055.47,7358.96,591.39,0.0,9097.33,3914.91,1735.66,7,G,Челябинская обл.
2023,614409.86,333978.76,427897.54,74698.67,58863.51,109171.12,56797.94,1003963.91,814498.07,134391.19,98328.66,7165.86,4379.38,182965.41,185579.25,79964.6,1,K,Ростовская обл.
2023,491558.24,274635.27,119186.5,1723.14,39973.42,10908.19,14692.25,436854.19,365811.52,57441.83,43637.44,1596.07,403.1,214068.25,12695.52,30038.0,6,N,Москва
2023,1071928.72,725979.41,612187.06,130205.09,33143.27,221870.85,35377.26,1988605.0,1829087.92,209485.38,179878.08,12908.36,219.86,1276748.41,309336.29,138788.69,20,M,Санкт-Петербург
2023,33591.88,7153.95,18729.92,1378.19,263.86,5911.19,542.38,34237.24,30783.29,5528.88,5510.52,109.22,24.8,16455.23,3346.82,1328.93,16,G,Москва
2023,99813.52,45813.9,30262.91,7229.27,4448.22,10877.26,5329.72,138718.86,100689.46,27672.72,25984.7,154.5,498.75,55446.98,28873.66,9920.99,5,G,Москва
2023,26116.94,15192.03,14125.5,4303.93,287.98,1288.98,1467.0,60430.69,46519.51,13401.19,8889.28,75.59,38.2,25050.05,8619.97,3197.7,21,G,Татарстан
2023,53933.39,39372.01,24827.55,8415.47,12725.26,1970.73,5231.91,119477.65,101209.73,19959.31,10915.58,195.73,179.83,45150.77,18106.53,7196.27,1,H,Москва
2023,335994.59,160005.54,131946.03,45572.03,17328.79,5240.81,3141.01,495754.1,439634.62,53589.73,56974.12,93.99,38.79,212680.57,37055.84,28410.99,0,F,Башкортостан
2023,1022337.89,274515.2,328301.06,44669.98,31213.2,87453.35,15223.74,630039.06,550589.21,1426.06,1500.61,3.29,219.45,262284.75,126538.02,29971.12,41,H,Самарская обл.
2023,24515.22,15762.23,8180.9,4019.34,2851.09,2589.12,1466.52,163318.07,126344.85,41065.07,32959.42,254.96,58.37,54857.75,29620.41,5356.82,17,H,Москва
2023,1179057.03,536112.09,785225.39,166626.49,64994.6,62997.7,114660.03,4210765.56,2756357.6,1774286.42,1113438.2,2877.59,9039.5,2477146.38,748873.68,203621.11,6,J,Москва
2023,3795539.22,1410232.6,1594437.47,401825.3,112685.91,293793.5,131393.13,8126772.84,5527069.91,2647107.1,2370715.2,28363.75,3908.38,2204668.13,888653.32,566722.39,9,M,Самарская обл.
2023,395839.54,180640.66,203404.36,16732.5,52920.32,21460.53,29826.18,405210.64,327111.7,57208.18,43881.08,1749.01,1395.8,199296.03,45107.24,16682.72,9,H,Самарская обл.
2023,13336176.64,6965767.74,4335485.33,1112474.3,2153580.0,1639469.16,712690.75,18796756.16,15304742.88,3009756.89,2306804.89,126221.05,4026.02,7704418.87,3029660.64,1275678.42,3,G,Краснодарский край
2023,24399.75,11206.52,7964.51,1707.73,2181.96,6779.0,795.44,27739.64,18589.23,11605.26,10297.75,234.2,5.68,16923.49,3197.69,1795.9,0,K,Краснодарский край
2023,11798.96,2585.92,6487.52,566.68,45.41,253.49,220.31,33113.45,25976.07,-11388.1,-9563.82,15.71,5.02,15036.37,5687.06,1457.7,8,M,Краснодарский край
2023,2100.9,1438.19,542.14,337.84,140.42,121.09,129.29,3573.76,3013.12,675.01,430.45,5.76,0.75,1372.36,149.94,277.95,15,G,Татарстан
2023,6352790.53,4708886.91,2351640.09,531579.58,732319.33,115747.9,641438.66,6403292.05,4257403.75,2259998.99,1674729.24,140686.0,19394.11,2530768.51,804399.3,274631.22,2,J,Санкт-Петербург
2023,765566.04,495878.79,324663.76,91949.36,8988.66,90092.97,90486.31,902562.49,803731.65,68994.97,59290.02,13629.53,936.05,382678.08,216468.49,72377.33,12,C,Челябинская обл.
2023,88617.19,33616.68,38403.56,618.74,1840.68,13879.14,4087.14,231578.72,171888.59,57367.74,48259.48,1480.85,192.26,70798.46,39825.59,13589.63,2,G,Санкт-Петербург
2023,427134.61,222014.44,170216.91,65573.21,73169.02,137723.49,38014.35,1418206.24,1284556.35,128124.37,103965.49,26672.52,1882.66,486888.71,224558.33,70460.29,5,O,Самарская обл.
2023,9536.92,5235.98,4458.5,727.85,15.51,374.16,220.5,30549.15,22198.68,9189.92,8197.5,11.62,4.12,7377.79,7614.72,985.03,8,O,Свердловская обл.
2023,69736609.03,44618818.5,35087465.11,8230793.97,7795229.83,25104889.18,3351862.44,151902892.19,102889517.91,60473831.49,44544659.1,1264678.5,20054.86,49778928.69,5043528.29,7327004.93,10,J,Самарская обл.
2023,585947.35,381012.9,297752.96,59143.88,30095.34,4595.17,21543.17,770405.89,565621.45,247863.16,198647.54,2350.55,672.57,330805.09,84154.86,35380.74,2,K,Санкт-Петербург
2023,234008.53,102934.25,70601.2,27965.4,11082.37,25942.76,12235.45,69034.11,53189.76,10945.05,4103.63,2205.23,1810.31,31066.56,8970.38,1714.4,3,N,Свердловская обл.
2023,797214.65,448273.27,307646.24,0.0,454.21,5627.99,35172.64,1379813.99,1022651.91,372615.65,270534.6,673.14,1028.19,306411.19,266190.35,62985.32,9,Q,Нижегородская обл.
2023,476687.21,294874.92,268552.01,52685.65,65266.52,128258.69,42399.0,710483.8,538830.81,197825.91,172438.58,12191.58,46.34,288654.53,137679.55,24102.41,0,H,Краснодарский край
2023,402014.64,308897.33,212005.5,52986.55,14344.32,36404.02,13634.7,643215.32,523189.1,139929.24,102589.5,15626.84,7.14,306389.83,68630.86,39699.14,1,J,Санкт-Петербург
2023,23336.99,15301.5,5956.93,2198.97,1452.86,3099.22,1569.66,35765.67,27284.98,7355.43,5325.72,97.53,18.19,14438.91,7149.47,2722.68,10,G,Краснодарский край
2023,343584.21,229637.43,158796.92,73047.23,31088.44,73441.47,32427.44,264092.95,204246.52,-69713.75,-116000.96,9354.11,211.97,94181.13,34288.31,6724.25,7,C,Самарская обл.
2023,23696310.56,13330928.08,4327253.65,1453253.04,2299066.67,463171.22,0.0,46713053.42,28451863.26,15278364.19,13756698.81,165198.37,0.0,17694151.88,9836927.34,3935395.12,2,G,Челябинская обл.
2023,3848164.69,2930642.44,1637902.76,708464.33,961460.11,18173.78,666128.81,7875089.02,6451035.11,997543.64,843737.96,57586.08,37231.48,2881681.43,774655.69,373507.43,5,M,Самарская обл.
2023,15324384.86,9370316.09,9926095.1,1953713.0,929120.67,3881941.82,777838.25,32156504.02,24795226.51,7736857.56,6801082.72,94845.59,6982.82,11458228.81,4625212.11,980759.62,21,M,Нижегородская обл.
2023,62691.13,26382.73,19199.34,7411.48,2559.6,2845.47,0.0,150131.03,141277.7,24743.22,14174.26,416.17,0.0,65664.66,18840.19,9781.8,0,N,Москва
2023,11989.56,9118.12,3835.23,1154.58,2947.22,198.68,998.3,24192.97,16597.43,6584.04,5008.78,362.78,8.07,15744.03,4906.37,993.63,11,C,Москва
2023,174527.5,114260.62,89302.86,13866.95,14346.58,13235.73,11655.34,212102.07,127085.3,82197.64,61351.22,340.09,835.73,73308.84,26271.16,10258.37,0,H,Башкортостан
2023,190931.3,92323.57,44842.85,24713.69,5407.73,20897.01,8778.71,274924.15,231433.03,58299.82,43510.99,1291.77,183.95,106721.63,40655.12,11523.29,0,C,Челябинская обл.
2023,3240735.6,1549318.09,1115037.94,331593.9,35053.41,12234.55,247072.03,5059981.23,4122127.38,933334.74,659005.91,1177.0,7912.57,2099033.06,887219.99,170345.49,0,F,Москва
2023,2736.02,1626.52,1344.95,91.74,404.64,105.54,235.6,4307.48,2925.45,1309.96,967.36,116.35,3.8,1513.06,763.56,277.75,4,O,Нижегородская обл.
2023,5780315.37,3580776.58,1987767.79,490049.32,207953.4,23132.72,422075.34,14204617.28,8906651.63,5699695.59,5026888.55,7529.76,12624.24,7525941.18,2760633.71,628894.83,13,H,Татарстан
2023,90392.38,52390.87,35405.21,11049.79,7811.29,5914.98,6654.13,186046.08,173718.61,14862.52,8181.19,177.88,97.32,34029.96,29870.86,3956.64,6,M,Москва
2023,76250.98,45498.68,38834.8,11239.14,3882.21,20631.21,4264.98,321405.0,296146.12,41818.29,41537.08,589.59,53.1,117921.59,41489.39,19612.52,5,C,Свердловская обл.
2023,11722.98,9436.93,5516.67,1185.86,208.02,5703.42,1949.0,52708.97,28001.87,28110.7,23558.48,313.56,58.85,26451.02,6984.73,1364.55,4,G,Санкт-Петербург
2023,2302.53,1636.48,1040.79,0.0,169.56,280.03,18.41,3574.53,2624.34,1005.06,778.84,1.78,0.49,1396.18,540.77,96.28,0,K,Москва
2023,956838.3,553622.18,362933.86,122825.43,4792.03,20243.44,60001.07,209622.15,198390.43,14289.4,12700.71,1158.31,625.46,70834.7,34059.33,15481.04,4,C,Свердловская обл.
2023,221987.12,153436.74,103092.45,12639.25,9471.11,62942.93,15942.3,614639.3,450157.98,171061.37,103625.53,9692.3,77.36,285239.15,87673.02,16025.61,16,G,Нижегородская обл.
2023,12014.33,4747.12,4867.63,88.36,760.28,1046.95,706.36,13679.68,9999.01,4015.23,2811.61,171.65,9.74,6985.32,2065.09,50.22,12,C,Москва
2023,4638.02,2827.75,2202.77,0.0,212.53,92.91,139.6,4634.58,3483.93,1163.44,890.58,1.07,2.25,2044.15,343.6,289.46,16,K,Татарстан
2023,70813.44,58165.87,25518.91,14257.53,7823.45,21648.08,0.0,86558.99,57813.64,28742.72,27129.31,7396.11,0.0,29419.49,15872.13,3801.91,4,Q,Санкт-Петербург
2023,16130460.19,8344176.01,6421402.69,1587808.21,2270942.43,2742099.42,912931.13,19247629.27,11731861.68,8667379.35,6712195.47,300716.89,67362.69,8962087.53,3061443.5,878594.56,12,M,Москва
2023,83044.28,35115.68,25013.36,5686.9,9799.86,13111.06,4104.1,168259.74,148952.73,32062.07,26739.98,202.84,4.54,63904.22,33667.68,7354.63,2,Q,Москва
2023,4349.67,1966.86,1808.59,572.6,13.77,644.65,372.48,2975.41,1772.47,978.66,694.11,0.41,3.12,1471.39,446.33,162.56,8,N,Москва
2023,64018.3,24746.6,20657.42,5716.12,1105.37,1717.5,588.43,55718.3,44838.03,10908.19,9145.66,26.52,3.8,31666.15,3514.72,1947.11,27,N,Москва
2023,93590.41,40457.8,26796.28,12513.76,5759.04,2661.68,6848.76,165754.4,143983.88,16062.82,15761.94,766.81,143.36,26428.27,21892.46,13181.17,3,J,Самарская обл.
2023,181.57,89.77,81.9,6.16,39.66,25.4,21.73,369.86,234.81,129.29,116.29,0.07,0.37,159.45,51.78,7.57,4,H,Татарстан
2023,190991.05,64777.47,85092.01,11480.9,27526.36,5686.32,5009.51,392680.92,269996.86,130587.08,100581.47,440.83,196.24,96767.03,73488.34,23127.92,13,G,Москва
2023,130467.51,72062.78,67053.1,3650.91,19294.05,9040.61,1624.54,131315.93,118357.4,17353.92,14942.75,2006.03,13.53,87217.26,6104.39,8252.21,8,M,Москва
2023,2017530.92,1382697.82,742985.89,223512.29,58309.65,368788.98,104506.43,1845484.09,1537821.91,297315.8,252510.92,18838.39,2829.92,688711.68,280622.42,64235.7,2,F,Санкт-Петербург
2023,19702974.84,8153811.58,9240032.03,1305512.74,884507.18,3622802.7,822232.79,22815775.73,16387919.84,4245138.69,3569272.37,344052.15,53106.42,11285534.25,4008361.28,673642.88,31,C,Самарская обл.
2023,3000085.87,2333744.56,1458328.87,537062.51,152695.04,217368.88,312318.67,5045906.33,4542450.52,259979.33,237474.06,25368.14,22632.22,2101460.1,589995.65,354946.63,6,O,Санкт-Петербург
2023,88088.17,55197.71,41698.55,10136.79,1206.66,16607.76,3561.15,276186.67,248748.51,39818.22,36335.61,46.25,340.69,93818.28,42458.56,8336.08,0,C,Москва
2023,9207.15,6487.24,2954.77,1491.24,23.25,2015.27,1254.06,4934.55,3981.71,276.7,211.6,227.33,55.83,1617.52,585.48,186.86,0,Q,Татарстан
2023,112104794.97,50595676.07,49093337.39,11954504.02,26327882.45,14307635.57,1676136.65,149765348.32,103335690.68,55321429.69,47411875.24,523217.68,118888.3,86649425.66,17001565.02,10146030.13,16,K,Нижегородская обл.
2023,172719.76,117134.88,80089.61,41277.66,3805.01,5374.81,0.0,132334.28,97749.4,38033.72,27917.84,369.98,0.0,68230.74,17147.74,6708.66,0,G,Москва
2023,177257.99,68458.79,74601.05,10595.8,3890.74,6811.42,11391.72,115756.04,93604.81,29769.0,19922.34,553.11,75.23,71115.7,13250.06,1627.2,0,K,Ростовская обл.
2023,227513.88,155514.19,38591.51,16285.16,1584.61,10322.88,0.0,550424.38,418950.3,126009.22,94212.15,109.95,0.0,234230.53,101377.67,46753.7,4,M,Татарстан
2023,197451.67,113687.91,86732.38,22701.96,41672.83,2943.02,9976.37,386760.69,337988.51,8908.65,6867.2,8341.79,367.25,173575.09,43801.58,15238.29,9,G,Москва
2023,159701.63,101089.16,109476.06,11707.9,11075.31,6114.31,29018.74,298277.43,187026.69,117669.11,68319.9,575.62,2413.25,117306.8,31275.73,12511.2,7,M,Ростовская обл.
2023,57582.82,21516.44,21696.93,6423.88,5066.01,1624.62,2136.1,136147.27,85850.88,58973.42,52087.67,19.86,13.26,53273.31,32457.02,7503.85,3,M,Челябинская обл.
2023,40031.91,16642.85,13315.84,2618.63,7768.18,2918.68,545.12,46984.48,37497.71,11659.15,5222.38,1479.48,16.57,14838.23,9304.67,2936.6,12,G,Ростовская обл.
2023,79344.97,50747.79,36879.69,6838.46,2691.81,22763.13,4900.01,95343.52,69681.38,22502.96,24883.28,1123.25,201.72,40845.26,5427.37,8506.75,27,C,Санкт-Петербург
2023,34859.87,14214.03,15947.88,2022.58,2709.47,461.62,1378.08,155120.39,111267.1,44526.21,42755.2,190.47,108.55,52907.74,17336.5,2605.81,2,F,Свердловская обл.
2023,40416.12,25037.01,22759.46,5945.62,127.95,6178.44,2745.03,53300.36,32150.48,19729.87,14771.34,234.85,85.72,24741.54,8641.22,3545.49,12,F,Татарстан
2023,210915.98,72751.11,56748.17,12177.1,3488.46,29421.68,10165.93,454421.84,355337.24,80469.97,62857.6,2962.28,1072.42,198582.81,75519.34,29473.89,21,C,Челябинская обл.
2023,63752.67,43174.97,32371.41,5555.18,9074.87,770.04,1625.68,95411.75,73917.82,26051.7,21267.48,16.59,20.61,42817.76,7201.24,4508.84,9,K,Нижегородская обл.
2023,6007684.72,2193534.87,2948875.94,687076.88,699642.05,1844415.95,441455.22,3556973.96,3006880.46,-129049.17,-410373.0,39749.86,5703.68,2089768.42,739595.46,233854.94,9,G,Москва
2023,277.21,175.43,111.7,19.56,9.58,27.96,20.12,148.78,117.07,25.06,20.12,1.19,0.47,61.93,28.46,10.22,1,N,Ростовская обл.
2023,2936671.05,1890759.91,1352755.43,345716.54,111101.28,159329.17,271527.57,3279806.85,2514757.76,583999.54,445428.13,1077.62,3940.14,1625710.72,570998.24,73338.92,10,G,Ростовская обл.
2023,3414471.74,1521093.31,1855884.55,353174.28,208313.9,578874.57,94780.9,8637156.5,7753575.94,240005.51,184489.18,48170.35,4.06,5399526.56,1881487.29,734117.97,4,H,Татарстан
2023,817.68,521.11,429.02,25.79,0.02,29.2,92.33,1809.17,1173.7,648.71,520.12,0.73,3.65,996.24,312.29,34.06,10,J,Башкортостан
2023,61436.14,36189.96,17376.46,7904.64,1356.88,8718.3,3060.83,144754.16,120672.7,32488.08,20219.82,160.38,127.93,77489.36,24959.82,3950.87,46,N,Башкортостан
2023,48760.45,22877.12,25278.34,2186.86,910.79,237.1,2668.69,44406.97,27216.38,16780.1,13168.16,0.19,110.02,17289.02,10119.64,1987.84,2,H,Москва
2023,7830.91,3122.31,3228.19,767.54,180.63,1718.62,137.42,26206.68,18244.14,5989.51,4789.29,120.83,1.74,11608.62,5373.97,2319.26,2,G,Башкортостан
2023,21136.62,5402.65,9062.22,556.41,2772.13,1507.93,217.1,19463.88,12821.52,7459.78,5933.97,384.05,4.81,5608.95,2100.63,853.2,0,N,Татарстан
2023,14598.99,8795.13,6259.81,2070.56,383.14,1773.79,1242.68,24224.51,20789.33,5476.94,4130.16,54.2,16.64,11382.89,4400.62,1195.75,11,G,Челябинская обл.
2023,20523290.56,6470574.52,8249764.37,1737133.43,349061.72,615820.79,474833.99,30459082.37,23558850.68,5916034.28,5422299.41,40072.2,230.29,13628795.11,3557212.87,2395350.12,1,C,Самарская обл.
2023,2277728.55,1285325.93,1282372.33,319936.8,127864.51,308950.52,62686.14,3115039.35,2425524.38,614979.2,453585.1,5642.88,1554.42,1315601.08,545778.97,137041.91,3,H,Свердловская обл.
2023,3434567.77,1753287.66,1408014.26,350842.21,551528.39,609758.34,107667.64,10006022.43,6697297.99,3566710.04,2879330.5,56518.9,426.74,5230342.83,1739353.64,264471.84,0,M,Татарстан
2023,1116042.15,727515.97,318802.42,117490.87,24661.35,85840.52,103261.57,1170268.69,877737.38,387432.71,362511.37,67.47,258.44,350170.74,94588.88,48747.9,3,C,Башкортостан
2023,9605.7,4847.93,3580.78,649.07,62.85,1108.44,301.82,7297.66,5135.02,1972.96,1520.11,39.28,12.75,4258.09,1050.19,564.95,0,J,Москва
2023,33442.7,16740.84,14763.06,4983.46,1179.02,2445.62,1555.91,50391.94,41238.02,5796.69,4670.6,187.29,0.45,25708.78,8227.13,2591.02,13,J,Санкт-Петербург
2023,609713.34,402277.04,346015.84,49898.6,67163.36,164269.84,40590.42,744770.07,507107.15,261176.0,200696.48,28968.23,3889.85,307542.82,95468.72,65996.43,8,O,Санкт-Петербург
2023,5382.82,3231.09,2650.35,313.53,344.52,444.98,0.0,43462.77,39680.62,5518.64,5123.97,18.96,0.0,17607.94,7203.32,2814.59,23,G,Башкортостан
2023,1381665.06,825439.03,439280.74,192516.74,187590.39,305726.6,9684.39,2890828.31,1770464.54,1121250.02,839898.17,35740.31,1184.06,1353084.34,550109.85,107260.78,6,G,Краснодарский край
2023,77637.15,48165.32,55760.77,5602.06,19929.34,15057.46,5788.35,94384.39,66007.54,25742.9,24043.94,1592.82,10.38,53995.91,14013.28,4815.64,0,H,Москва
2023,67730.77,21651.1,30598.94,2251.6,8525.45,4295.39,1207.66,59589.82,56474.47,6078.1,4665.36,1677.9,31.74,25633.2,9607.67,1962.63,1,G,Башкортостан
2023,1047991.76,695361.71,600548.42,44858.94,77622.14,32882.77,113624.53,610627.31,449718.54,177030.43,119825.67,2807.52,1464.9,265258.39,133831.92,22368.1,30,M,Санкт-Петербург
2023,457250.56,293495.56,183720.65,41490.65,24871.44,28588.09,46374.77,408553.13,264951.66,127904.13,110192.58,1027.31,2580.18,172332.55,70949.27,57026.53,10,J,Краснодарский край
2023,78715.29,31289.13,38098.45,5425.0,257.52,16529.74,4479.04,124375.89,99737.91,24943.28,18543.83,1831.17,60.23,74401.96,19905.27,8752.64,0,M,Нижегородская обл.
2023,2560859.27,1314714.24,1333532.18,262216.25,851331.13,79374.81,275020.22,7799090.93,5712528.19,1559458.24,1332494.86,2349.95,2489.74,2987922.9,796256.23,524270.18,10,M,Москва
2023,14167.85,7708.78,8021.6,1974.25,548.2,1263.64,732.45,37033.4,25790.54,12512.9,5661.73,13.28,42.82,15444.75,6797.53,1390.1,1,O,Москва
2023,506887.88,268562.12,277208.97,59661.57,6696.75,99779.62,37312.12,847963.21,568485.49,268359.5,209488.03,457.84,525.48,480238.51,141192.23,69017.15,3,H,Москва
2023,744648.09,446847.68,390689.78,73609.32,65453.9,38973.14,29016.47,945135.13,926232.42,-1687.58,-1223.24,9671.04,14.78,410851.26,202435.63,68038.68,0,Q,Москва
2023,134297.48,102697.96,51327.1,16857.29,3593.56,16563.84,25381.0,229169.87,172987.68,55805.49,36408.0,10.75,376.73,122309.31,34912.64,20082.71,13,F,Челябинская обл.
2023,272456.2,194061.02,95738.51,42851.12,19210.43,9215.81,42502.86,313612.73,184229.69,130015.09,92780.21,2811.38,1355.2,103138.44,18561.69,27178.4,1,K,Москва
2023,5819.05,2055.1,2676.26,579.14,411.41,80.81,206.97,20497.84,19050.09,2364.95,1681.85,14.77,1.82,8188.29,1332.24,418.53,6,J,Краснодарский край
2023,1913108.38,1230722.71,1017726.54,233966.71,90314.48,363126.19,151619.1,2596421.77,2183868.76,489289.03,378827.97,91.45,2572.73,1475918.83,484970.14,72188.86,3,M,Ростовская обл.
2023,108187.29,81069.07,42547.2,11549.87,15653.51,1352.97,14718.73,154577.41,108722.54,44646.0,27498.4,436.7,25.78,54467.83,18779.66,4625.61,0,H,Ростовская обл.
2023,48941.52,29757.49,26811.18,2992.73,1205.29,1859.41,2713.04,24112.13,16557.51,8475.3,6932.4,31.69,72.19,9762.28,4143.39,750.4,6,M,Москва
2023,2595472.67,1852251.45,1542525.77,119254.58,123617.98,601664.76,112251.17,3511527.83,2975483.56,606404.28,572412.75,35511.0,4754.27,1564977.42,546785.73,198292.63,1,O,Башкортостан
2023,33845.36,28830.85,10493.47,6726.28,2089.0,1727.6,4394.96,76710.91,57940.38,17134.29,13942.37,217.06,70.31,24630.69,10866.72,2965.95,4,M,Ростовская обл.
2023,6712.7,4722.76,2145.17,1068.47,585.09,2910.84,494.5,5871.68,3449.04,2386.03,2092.73,116.85,8.09,2223.13,852.46,536.98,27,M,Башкортостан
2023,3756.99,2206.84,1514.65,499.16,460.56,1757.74,244.91,3850.71,3691.77,130.4,118.84,4.59,0.68,1660.67,410.99,339.22,1,C,Краснодарский край
2023,688759.6,486789.99,314703.57,82611.79,27672.06,25816.25,24312.1,1527286.35,1125000.58,440869.71,409294.06,2854.91,164.52,648589.9,227888.1,76166.94,4,F,Москва
2023,8108.75,4636.04,2895.24,1356.3,673.73,40.71,0.0,5781.22,5373.98,301.15,302.48,65.92,0.0,3168.31,698.23,515.14,8,Q,Москва
2023,23137148.3,12808388.81,13471935.96,1809447.75,302148.86,3390039.61,1462315.11,58576874.25,53178634.29,4254792.47,3063858.02,235215.39,28830.02,33631661.61,7696249.97,4672249.21,9,K,Самарская обл.
2023,858.67,427.01,404.34,109.49,185.32,61.79,65.89,981.73,667.48,410.89,285.07,21.89,1.49,328.28,131.37,40.24,9,J,Башкортостан
2023,8442441.73,6623196.88,3585789.06,1171647.29,326203.5,107587.8,572585.93,10370730.48,9160663.13,1697354.51,1483514.8,4853.71,51099.11,4471100.38,1438060.83,101795.91,1,G,Нижегородская обл.
2023,384488.0,164267.0,95234.16,21573.5,40219.36,56721.3,30584.18,327004.32,233760.92,80807.42,69897.77,10649.98,69.78,159390.03,64128.38,14924.68,19,C,Санкт-Петербург
2023,123266.37,96129.91,32308.37,21860.17,202.66,468.48,5552.95,222153.97,131810.6,96685.21,84414.02,13.05,152.59,126990.93,31881.42,8243.59,17,G,Ростовская обл.
2023,21718.1,13573.37,9853.96,2888.02,399.0,5321.11,498.38,110839.38,81748.5,29746.78,29946.49,3.86,11.18,54516.24,22299.23,5999.75,11,H,Санкт-Петербург
2023,569245.34,193602.66,93406.63,40377.35,30404.09,10195.68,18579.31,1255212.46,1028977.68,250808.78,195973.05,3763.61,404.74,563705.05,284798.6,65000.63,0,F,Москва
2023,126161.08,76346.05,68318.31,14238.71,21253.66,2061.63,7256.27,122170.41,89639.65,33369.72,27734.86,3315.71,449.49,59454.75,23548.01,6262.5,0,F,Свердловская обл.
2023,2498234.2,587075.1,1001845.72,103893.83,149734.06,57915.2,85829.28,6575788.24,4927206.34,2039723.81,1351018.02,11065.94,592.46,3204887.18,1162095.83,397662.21,11,H,Москва
2023,239225.82,154019.85,193574.63,57152.11,50857.71,92596.38,8240.41,304620.94,272439.75,37445.35,38802.31,1888.09,10.29,99680.67,50671.14,7843.86,17,J,Свердловская обл.
2023,250923.73,171326.89,174881.28,47070.44,13273.97,35574.74,31196.17,744260.81,588449.36,153500.94,113531.54,708.33,1044.05,326938.8,143841.75,43336.23,5,G,Краснодарский край
2023,81129.75,37412.71,32307.99,8897.72,4375.98,15735.79,8156.53,181161.33,126028.53,64573.03,47978.67,631.98,103.59,102522.11,27983.63,7465.24,1,J,Башкортостан
2023,123870.26,70424.23,50444.87,13306.23,1263.93,7534.66,6877.02,42421.87,36067.2,6849.49,5057.59,1003.53,3.66,16937.54,8451.64,2290.77,1,O,Краснодарский край
2023,409804.77,345516.08,221077.29,90032.02,53202.76,20159.65,60459.31,370051.09,295954.85,76343.9,53640.18,594.4,525.12,160211.64,66870.19,25588.37,10,H,Самарская обл.
2023,2093.76,992.73,1307.3,219.83,47.51,67.14,36.34,5008.58,2643.73,2443.49,1692.04,10.02,0.4,1982.14,661.17,127.78,8,N,Санкт-Петербург
2023,6982.62,2731.35,1560.17,497.37,1284.09,548.98,449.34,11237.46,9246.58,1938.29,1390.05,31.56,12.93,2119.54,2188.97,498.65,0,O,Самарская обл.
2023,1255156.07,969293.66,258103.95,150933.42,242711.62,120883.55,157836.47,1122302.02,919370.59,203449.2,125345.97,30056.91,897.06,473677.69,173478.71,53454.48,0,C,Краснодарский край
2023,188439.44,159116.02,65078.66,27610.86,43268.1,22591.49,24154.8,204789.36,160147.76,38634.16,26493.83,8328.36,386.11,92191.91,29631.67,8133.13,6,C,Краснодарский край
2023,142320.42,78355.13,69726.83,0.0,8362.17,5076.04,7762.35,81856.09,71146.86,-2390.75,-13810.6,374.75,153.39,30184.49,10329.42,5565.93,6,H,Ростовская обл.
2023,145117.03,101831.44,69601.73,20045.32,13123.15,51705.25,0.0,207131.5,147635.18,49154.55,42679.85,1472.29,0.0,63079.06,32789.11,7372.27,10,J,Москва
2023,494534.21,371504.67,271189.0,52353.15,59637.04,11040.3,22846.19,2228226.34,1812996.32,260147.33,231819.5,5727.01,2499.86,739636.01,445251.16,86660.16,16,G,Москва
2023,47135.75,20675.03,13011.18,6355.79,529.54,19068.74,1291.05,105161.62,65547.67,-22962.87,-50962.05,738.78,1.8,52204.2,20448.36,3764.96,7,G,Москва
2023,40363.99,19261.86,5734.22,3496.94,2966.55,72.5,795.61,180034.14,147755.65,30709.79,30712.75,175.27,71.97,111126.52,30186.27,12933.85,0,J,Краснодарский край
2023,248344.79,182441.83,129874.81,15486.2,693.38,19552.49,19582.32,575947.56,561725.09,17191.98,9755.23,987.04,512.35,321518.88,103660.3,23124.94,9,C,Свердловская обл.
2023,12698.93,10194.09,4071.49,1794.26,699.24,617.96,763.15,31666.44,21549.47,9687.42,6126.46,10.93,36.36,9042.84,6763.47,1874.68,33,Q,Башкортостан
2023,449012.5,284867.96,79826.1,27435.72,6043.08,32126.55,14392.46,1797388.53,1265397.09,320285.72,218932.32,3555.46,243.01,908512.91,256130.89,160891.62,21,G,Свердловская обл.
2023,2106.09,880.4,921.22,191.82,34.04,213.69,32.11,3794.16,2690.05,1402.82,1015.12,2.7,0.58,1341.93,357.52,184.03,17,O,Ростовская обл.
2023,2711118.03,2299188.5,1396716.72,467369.36,98512.31,186082.31,131212.9,3683072.95,2920676.2,962476.03,716016.41,38312.2,8324.15,1332437.43,792068.75,266069.66,1,C,Москва
2023,326635.62,153634.49,132402.78,39426.78,14800.61,21004.57,25701.51,816620.11,550154.0,284666.93,206771.44,516.39,1744.67,305254.59,100861.64,68128.23,13,G,Москва
2023,225025.64,112451.91,82147.45,13126.45,17569.42,35629.78,6785.18,694459.92,570932.68,189761.03,153007.56,3521.29,55.51,340706.69,80198.38,48989.86,17,G,Татарстан
2023,1378334.69,828862.5,552542.03,151450.29,8528.45,191528.15,57277.45,1617519.34,1398643.08,139830.99,109660.42,3350.86,381.81,834519.21,97358.67,80332.44,6,Q,Ростовская обл.
2023,13919181.19,10900445.73,5227071.07,771732.55,780095.61,2992157.21,791352.12,14475872.38,12064694.66,-3289536.13,-1773247.13,72127.55,16277.62,5937957.87,2584871.89,909695.02,5,C,Москва
2023,3433563.41,2328286.97,886664.0,549754.15,55392.29,118510.42,280185.15,5490540.12,3311665.71,1913897.08,993186.55,3226.47,19377.82,2261514.63,378448.48,133158.93,25,J,Челябинская обл.
2023,1582.05,968.58,528.78,214.55,107.99,178.53,123.37,3576.82,3145.87,473.64,313.01,19.74,1.44,1668.32,402.35,123.04,5,N,Санкт-Петербург
2023,6313.28,3911.04,3046.5,859.12,512.37,666.64,0.0,14037.06,12264.7,878.32,627.2,47.97,0.0,6692.86,2518.42,532.1,3,K,Самарская обл.
2023,34855.6,19398.09,15984.83,3494.17,2268.48,1930.8,3128.88,25511.52,22016.85,3513.41,2636.29,450.41,115.6,13715.57,4747.59,2418.8,0,G,Москва
2023,246173.32,156005.18,108357.41,33257.47,26400.4,19663.65,29045.37,955121.8,780605.98,192957.62,124349.59,845.88,1314.12,278477.99,112145.43,32233.75,10,Q,Ростовская обл.
2023,449522.69,76673.28,135118.51,23641.99,14704.24,20312.68,2836.05,486678.56,390325.42,92588.92,66766.17,2061.85,70.61,205379.68,69737.31,16279.62,3,N,Санкт-Петербург
2023,28485.52,14399.68,11343.49,2263.52,3301.18,522.89,599.92,37220.64,32874.72,5674.47,3655.96,267.33,9.27,11657.41,3959.17,1083.92,0,H,Самарская обл.
2023,347832.46,203898.79,55219.17,38963.35,15777.27,10040.35,14881.51,330429.64,321293.7,10771.8,8239.37,212.05,1523.15,137097.16,40504.12,20221.05,8,J,Татарстан
2023,28620.28,10799.8,12633.48,1005.57,1515.74,382.96,590.1,164560.79,112674.11,47588.23,30990.84,48.59,16.73,65393.57,26874.55,8697.44,13,Q,Ростовская обл.
2023,37349.69,22706.69,22090.96,2509.98,3120.68,5150.1,2575.75,62888.29,55833.02,5272.98,3575.77,272.67,100.77,26119.08,7855.86,4511.3,8,Q,Краснодарский край
2023,6526.73,3389.52,1586.67,636.64,9.67,846.61,0.0,6362.48,4907.88,1712.57,1066.86,18.82,0.0,2163.41,876.68,403.54,5,H,Москва
2023,7193.6,5850.71,2515.52,1569.83,610.77,2596.55,192.63,16529.62,12678.76,3310.55,2521.25,62.35,6.41,4484.01,1268.89,370.13,11,N,Москва
2023,6796.42,5341.67,3122.91,851.98,524.07,1066.88,1027.48,14894.08,9328.86,6246.92,4223.08,92.25,9.19,3136.04,3077.83,504.23,2,G,Самарская обл.
2023,11662.04,5599.28,6651.34,902.19,345.98,74.8,248.09,15839.0,11903.34,4903.99,4358.73,5.12,2.09,6444.6,2779.8,1224.46,3,G,Ростовская обл.
2023,1309184.03,690430.07,479440.27,101803.35,9394.67,338756.22,120553.02,2973403.99,2022727.95,702588.02,582236.12,21511.82,4536.26,1120675.63,563892.0,136580.44,4,F,Санкт-Петербург
2023,17674.24,9524.79,5954.98,1306.99,134.8,4210.87,1155.55,17452.14,12803.14,5637.6,4350.07,594.06,25.55,6150.24,3743.86,1287.13,12,F,Свердловская обл.
2023,177246632.68,85477379.79,32565386.09,17402999.33,36397381.8,12458990.95,0.0,206661673.83,138500801.96,89451392.05,61211743.25,2034534.29,0.0,114129910.91,22472257.37,9714417.39,5,K,Москва
2023,536091.53,310533.03,231812.72,18700.11,50129.32,56711.53,42890.75,292714.17,215176.87,81225.55,67064.89,5049.79,403.96,97782.98,38661.77,8970.77,0,H,Москва
2023,343847.21,150005.99,228675.28,42372.97,3739.33,154028.58,13941.55,264600.69,195642.83,76883.76,66341.78,563.42,381.9,148621.82,14621.38,11625.17,4,G,Татарстан
2023,30877.68,11746.11,13996.33,1489.01,1089.81,2815.81,853.61,113732.49,89811.76,29817.79,23768.44,390.29,15.03,66236.03,34918.28,3484.65,8,G,Башкортостан
2023,1390604.41,894724.17,580336.1,212722.71,99864.6,393363.91,102622.56,4713603.97,2915481.96,1733196.28,1685436.71,8288.69,2797.66,1060136.45,671786.3,182364.36,22,G,Свердловская обл.
2023,63126.43,40680.53,28952.93,3189.36,9116.87,656.69,5226.55,97322.85,61843.63,36366.22,30371.49,466.51,53.9,41774.68,19653.03,5257.24,22,Q,Нижегородская обл.
2023,275863.87,118442.88,115495.64,27657.27,985.23,7018.65,16872.84,945177.96,771446.15,111624.19,99304.55,1548.19,636.2,359196.31,83262.56,56930.06,2,N,Башкортостан
2023,100216302.94,68578348.28,32313571.88,16030570.8,2164804.75,6989095.21,11705992.88,138005513.34,96639214.73,42322918.52,33690221.83,414264.31,575770.88,17777815.79,27576181.81,2511172.27,0,G,Санкт-Петербург
2023,79162.7,36039.88,41069.1,7594.91,13964.27,8349.05,4486.54,104564.08,92795.7,14372.61,12375.96,1439.13,40.51,28811.15,25396.48,5191.88,1,O,Челябинская обл.
2023,2674744.9,1572682.56,1195855.4,157969.23,1970.28,543740.96,27462.11,4104604.27,3294055.63,916480.88,627226.91,16081.11,294.58,2042014.4,603319.21,157073.7,13,G,Башкортостан
2023,21787.35,14664.01,9196.74,2932.27,391.99,11621.2,1049.67,30534.86,25669.93,6491.56,4706.33,37.4,34.08,18990.24,3036.87,1130.76,0,K,Москва
2023,286018.45,155868.07,86651.03,13304.2,73101.12,16900.78,43110.44,383162.1,352918.83,15399.54,12657.24,7188.93,1538.22,195515.29,54815.24,20174.9,3,Q,Санкт-Петербург
2023,12919338.37,7986878.86,7446977.32,1276135.04,982251.6,75309.31,1145873.23,34138450.88,25570686.96,7658645.45,6288145.69,1883.83,41861.02,15442980.5,1319858.19,1331091.06,3,G,Краснодарский край
2023,35226.14,16645.61,17604.77,4367.03,854.91,6828.15,4030.85,56647.98,40931.07,21085.74,17731.28,463.35,138.81,23671.31,8389.89,4398.31,4,K,Краснодарский край
2023,17833103.01,9282665.33,6306667.95,2262521.15,98924.55,1984402.67,1705467.39,37989026.13,32942953.61,4760531.09,4341828.8,2415.45,25526.23,22347663.52,7257741.03,2802117.58,2,G,Москва
2023,967490.2,502244.56,522656.57,91014.07,2213.33,25695.43,57511.08,2417273.56,2008636.74,432813.64,263585.0,2766.76,866.61,1534543.08,358269.23,177999.72,2,G,Москва
2023,66326.74,29051.99,23896.96,2963.75,1489.43,5435.0,3430.59,120143.4,91461.2,28279.66,18751.27,59.39,30.27,43409.7,16314.63,4817.97,0,J,Санкт-Петербург
2023,656202.39,343511.37,214026.7,79573.38,111959.82,106777.17,33597.2,602648.19,553921.55,23967.42,19354.86,7897.56,171.94,132583.41,106294.13,18531.45,1,Q,Татарстан
2023,1962575.82,623524.58,645364.85,113201.2,84423.17,346544.09,0.0,1488583.29,1129500.64,479920.58,332621.61,19591.62,0.0,312872.3,268244.56,76871.33,29,H,Татарстан
2023,616481.58,293646.79,127902.53,0.0,62839.55,51221.06,29682.65,990706.94,775998.32,188568.75,223516.61,3488.26,87.11,547056.58,66382.04,46556.32,3,O,Нижегородская обл.
2023,2161.23,1096.32,1030.01,265.98,433.03,94.44,189.27,2959.58,2314.75,478.01,402.43,10.99,15.77,1229.1,457.08,111.94,3,O,Башкортостан
2023,21996.23,11252.68,4405.02,2003.67,922.64,9607.44,720.41,34280.16,23534.72,9972.87,7685.09,332.1,37.88,15025.82,9317.32,907.92,23,G,Санкт-Петербург
2023,86689.87,44539.12,23630.51,12301.53,1472.34,11326.02,5554.79,128292.15,101063.24,14388.75,10333.19,238.76,324.7,30910.06,10680.22,6308.08,15,G,Башкортостан
2023,118791.57,64234.81,20304.98,5933.91,6918.26,7478.88,9705.59,644940.01,593135.86,30802.08,22250.82,414.98,690.53,222298.64,93986.5,27034.99,5,J,Москва
2023,624030.14,388094.47,255647.45,0.0,119158.64,24647.77,17626.93,478705.48,394691.15,60841.91,47676.74,3196.75,277.77,186911.47,118282.05,30525.58,8,H,Москва
2023,166434.52,113371.46,66900.28,22938.08,21723.74,26231.95,8267.25,91801.52,71890.35,22745.21,18046.91,2002.59,465.12,40464.63,18838.48,5811.23,0,C,Свердловская обл.
2023,5634.75,2549.92,2145.69,518.46,30.7,187.51,99.26,9925.83,7581.58,2010.04,1457.67,2.96,0.51,3773.21,1234.08,714.82,9,Q,Москва
2023,268090.13,99064.63,79057.28,4432.77,25297.35,6060.72,5019.61,331329.04,269399.24,76637.56,57265.25,7022.82,3.29,104788.57,53114.29,8221.63,27,M,Татарстан
2023,940795.57,370384.95,262794.26,37675.57,63853.13,85198.74,8423.92,1643789.96,1405402.06,353328.6,332593.21,5178.72,388.33,561425.45,246394.94,95374.61,3,H,Башкортостан
2023,676175.57,322481.36,321673.21,129127.15,128751.87,27788.59,14825.47,1350721.64,1135854.09,267625.08,253210.95,1689.64,34.58,730513.93,152086.41,47884.01,5,J,Москва
2023,1567020.12,779140.9,554621.34,121196.26,16379.39,186405.99,144271.45,4442548.3,3317755.11,1076949.55,872592.0,6573.3,19336.22,1974617.04,649888.82,113692.43,1,C,Челябинская обл.
2023,1193072.73,518390.81,546383.17,123624.14,72886.93,17966.77,23364.59,837712.09,680622.78,162999.98,100904.95,9144.51,787.37,403120.19,113930.26,34704.7,10,H,Санкт-Петербург
2023,409340.77,145554.42,128438.92,18623.28,69286.53,52266.6,15659.84,462288.45,382772.05,-48504.62,-40711.27,134.0,657.8,152607.25,71949.39,32995.42,9,O,Москва
2023,150292.41,72378.1,66388.29,924.69,6344.42,6007.36,5054.01,277817.22,188715.82,87243.09,84321.66,702.84,42.77,34620.93,31276.9,11822.13,10,N,Нижегородская обл.
2023,3826.6,2208.77,2205.63,367.49,201.36,0.11,377.11,8391.42,6686.47,1343.93,1269.17,8.0,12.68,3085.44,723.08,682.3,1,G,Башкортостан
2023,271439.3,173518.77,133097.52,27546.39,1586.64,4421.63,31002.55,1212528.71,683708.09,570915.15,495629.2,55.82,41.09,404187.89,179376.6,73937.05,7,J,Татарстан
2023,283148.58,132056.69,104909.48,19545.68,7382.91,92157.72,20052.04,681178.07,564188.03,204615.16,194525.74,8465.31,1094.29,309868.74,160591.76,28689.99,4,K,Нижегородская обл.
2023,305867.49,149278.73,137904.6,25501.1,9599.64,74145.08,17669.84,443526.56,375238.68,79372.08,62418.69,1927.24,98.53,332011.73,68351.94,32466.57,2,G,Башкортостан
2023,8180.68,3362.22,3199.63,676.28,1899.65,261.19,289.61,7819.01,6683.33,357.24,305.57,37.58,10.38,3827.53,1043.21,460.6,3,C,Самарская обл.
2023,11629.7,6341.49,4895.47,1065.31,309.09,2102.77,180.65,13084.36,9688.91,3159.13,2206.04,212.36,1.38,9075.26,2455.99,410.18,5,H,Москва
2023,1807203.78,763969.56,688412.12,60261.54,89318.69,203408.59,165484.77,2004569.58,1625514.86,391331.8,318963.53,14893.42,352.03,955933.07,284817.3,174750.46,11,J,Челябинская обл.
2023,133973.32,85202.9,53626.81,18650.47,11924.95,56866.51,4636.71,277343.68,255820.53,22734.55,21360.11,7860.54,91.36,99014.85,67505.91,15306.48,9,C,Свердловская обл.
2023,704288.95,198694.02,313726.36,4778.64,9970.25,39533.87,27781.16,1194744.26,1100809.84,50277.68,35660.41,2460.2,154.58,543359.66,178977.92,60186.35,12,C,Челябинская обл.
2023,241252.19,119674.49,72567.92,1911.37,12861.5,33119.36,19575.63,185678.75,144287.75,43668.27,29547.12,3104.22,767.72,111047.75,34355.18,6106.85,2,F,Свердловская обл.
2023,176448.41,105016.11,52598.31,25112.97,18936.02,1389.93,7002.81,211680.45,168059.88,30469.92,24122.99,1840.12,56.98,127634.05,23765.32,15577.73,20,G,Москва
2023,3005837.29,1736097.01,761603.7,382916.37,484857.94,182006.1,281735.13,6954089.75,6196727.58,428813.16,322810.78,1877.05,3543.68,2520622.92,1218039.85,419648.08,13,J,Нижегородская обл.
2023,43988.78,41789.34,10028.01,7330.2,3463.48,17520.82,6095.09,78238.81,49284.18,31480.96,27007.44,1569.97,153.24,34841.18,12811.97,4896.56,3,G,Свердловская обл.
2023,167339.49,100817.02,45838.65,6892.27,14803.5,15548.83,20534.19,331738.48,248038.35,66853.4,48509.42,1443.49,206.63,91915.88,48823.51,13219.57,0,G,Свердловская обл.
2023,32539.09,12995.85,14289.07,1603.26,351.42,1325.67,933.61,58785.96,53704.33,6663.6,6571.72,6.04,13.3,29538.0,7343.08,3919.97,3,N,Башкортостан
2023,31978.45,17130.23,10004.95,2723.37,7456.46,491.73,391.39,107584.61,94407.65,5810.3,3632.82,282.34,19.85,61897.24,12705.58,7341.17,22,C,Башкортостан
2023,46715.39,13246.76,22499.71,693.18,531.53,6815.61,922.91,78421.27,64064.4,21276.86,19797.02,31.61,5.47,33249.04,12870.31,2872.13,6,H,Свердловская обл.
2023,307267.02,165282.01,130332.12,19978.91,36631.2,38171.12,18599.39,377928.77,237874.7,125423.13,86318.46,4980.36,47.86,133507.72,68574.03,8186.01,1,Q,Свердловская обл.
2023,57282.24,24347.34,10527.3,5653.12,1409.76,3219.08,2519.77,54061.01,41897.77,11558.66,6524.66,183.02,30.09,24652.53,7765.42,3331.64,0,J,Свердловская обл.
2023,2338530.04,1607291.67,1165984.23,472840.18,507359.05,846006.87,122787.0,3952416.94,2849726.05,1168026.96,944402.38,207733.93,2034.46,1825012.33,649632.67,73250.38,13,K,Свердловская обл.
2023,22742.56,10633.71,11764.63,1557.26,2315.78,61.28,0.0,10013.02,8141.62,1588.35,1190.38,24.04,0.0,4286.72,1482.97,531.09,5,H,Краснодарский край
2023,88247.67,46990.57,26539.29,11302.13,9895.51,3833.57,6025.55,120061.34,83930.72,36991.5,23927.83,639.42,84.22,52571.44,18600.66,4929.13,4,C,Ростовская обл.
2023,56653.57,25758.47,26651.14,692.26,1120.63,17262.48,5624.12,76251.34,51654.77,26790.16,15491.0,218.51,263.25,30700.2,10673.49,5671.06,5,J,Санкт-Петербург
2023,9831586.76,7971722.91,3118778.03,1855467.13,460324.18,456624.99,1019225.22,7413961.52,4252006.81,3518052.18,2740551.06,43650.74,1226.54,3852260.99,1118756.63,312447.49,4,J,Свердловская обл.
2023,348167.42,174715.14,150310.99,20211.77,26790.67,12145.07,23857.03,326539.37,294597.45,44864.68,40248.13,2496.7,404.54,161187.26,93031.73,23558.33,3,C,Ростовская обл.
2023,1980880.8,1633996.0,531391.46,334295.4,232882.06,181617.31,219522.0,4429870.55,3278205.86,1113609.78,946784.82,26553.44,3172.19,1425043.66,733505.56,175935.9,2,H,Ростовская обл.
2023,3037.35,2041.47,622.13,327.0,26.67,632.79,252.78,5085.24,4046.4,1001.56,788.03,55.65,7.91,1621.89,926.86,355.97,8,O,Нижегородская обл.
2023,166388.56,103545.27,62239.63,29575.96,43658.08,2173.63,16142.7,261182.64,203664.0,88195.96,73860.74,4402.3,1641.5,103052.89,44897.6,23821.64,14,F,Москва
2023,1212665.02,734038.23,491314.3,80777.35,214329.62,416924.04,90816.99,2108536.71,1419586.27,789094.24,612916.56,2538.29,1945.62,1040950.23,288572.56,60386.5,15,H,Москва
2023,187656.96,114296.15,69860.64,26311.95,4731.78,35694.63,9285.35,293221.83,191794.49,87912.39,53488.81,849.92,1207.11,127494.53,62954.57,16373.72,1,H,Санкт-Петербург
2023,1736786.42,453039.2,482681.31,71416.83,240406.24,41678.04,23667.07,4823345.64,3277311.36,1570148.15,956993.87,16388.3,255.53,1715591.5,653282.67,506333.84,14,M,Татарстан
2023,42933.25,21817.28,15971.69,3650.81,2508.96,6413.31,1855.81,68126.15,48211.73,18772.82,14185.11,307.96,1.75,30394.61,13812.76,3497.04,4,M,Москва
2023,5645809.61,3820935.43,2553686.46,631568.87,279823.07,329308.26,454109.65,4062534.54,3317712.0,717332.55,545690.37,6443.27,2467.42,1571871.59,541493.81,208147.07,1,M,Самарская обл.
2023,47668841.03,25868231.76,19764113.39,2906196.29,1439639.65,2943974.72,2096232.74,160668452.26,112536720.22,38254677.84,33745136.9,176341.23,31615.38,81627389.63,16388402.9,10567160.72,23,G,Санкт-Петербург
2023,54062.87,18339.29,23890.39,3280.39,3761.95,9920.72,2179.81,97058.87,92657.16,2402.67,2092.43,358.0,24.87,43997.35,16332.08,4932.69,12,C,Башкортостан
2023,56209.45,30473.35,19087.95,5332.48,5885.91,22198.49,3850.28,62455.73,55130.61,12982.22,11068.84,694.19,11.79,24262.31,5918.72,990.27,10,G,Москва
2023,7032433.67,5665439.87,3942425.56,1129117.75,297733.66,114284.6,849763.67,5605969.27,4825819.91,942463.56,703422.83,34185.89,14449.3,2484295.8,991034.52,407249.83,17,K,Москва
2023,6087881.06,4486973.85,1697661.64,837989.08,483204.47,398742.36,794049.43,11070204.21,8502294.43,1189026.5,730444.83,23088.06,9830.28,6105270.82,999551.62,110049.25,34,K,Свердловская обл.
2023,67247.13,36360.48,32178.24,8866.12,6464.79,5291.59,3806.23,94612.38,88124.63,12243.61,10155.44,15.76,14.94,34347.79,12682.75,3941.95,5,Q,Москва
2023,55268.4,38285.38,31051.27,9719.92,5490.36,3131.1,824.41,181140.8,137340.85,53668.77,45243.86,25.79,8.68,83372.9,14203.89,13431.32,10,H,Краснодарский край
2023,80918.14,40056.42,38655.32,3843.42,345.46,4382.03,3176.22,101543.21,78886.27,20832.8,10278.41,458.48,207.29,41932.67,29570.23,4353.07,9,J,Москва
2023,6983.73,2056.14,2763.44,513.01,1097.46,44.99,211.05,6854.41,5462.95,1637.28,1113.16,184.73,2.28,3171.52,461.32,247.62,5,J,Татарстан
2023,17559.23,7222.64,6261.7,614.6,861.04,2437.7,0.0,40996.14,34854.19,4380.34,3053.42,192.33,0.0,14534.91,6169.54,2770.74,0,F,Краснодарский край
2023,17598.85,13805.13,9579.59,3134.16,428.53,1210.27,2530.75,41698.9,35180.98,5537.46,4397.87,37.13,71.89,17973.62,8638.56,1375.13,14,H,Татарстан
2023,26020.59,13241.9,6485.45,3040.06,576.12,676.5,1437.31,42233.5,30935.51,14462.43,9886.47,174.76,24.03,22416.8,8523.54,1079.3,4,J,Москва
2023,124188.59,63769.9,37701.8,1727.82,6554.57,25230.18,7836.12,259817.59,188809.61,67477.97,52324.03,1727.64,64.21,84778.3,50032.32,14417.35,1,Q,Санкт-Петербург
2023,325783.36,164528.5,121286.89,30838.95,56787.37,63423.15,29932.93,476939.21,402532.07,29819.73,22506.02,11179.82,413.5,136909.93,63975.95,22102.09,2,G,Свердловская обл.
2023,5571268.76,4655466.32,3167369.08,663498.51,211874.97,445452.5,289530.11,9342326.98,7955212.45,1357544.56,1032958.46,47715.51,7789.09,2717257.31,2032464.78,234740.33,7,Q,Москва
2023,13858.9,11002.49,6452.32,1312.58,1535.79,589.5,1479.2,37018.69,27418.45,9454.78,6561.93,50.65,19.17,11214.21,7243.43,2322.52,28,J,Свердловская обл.
2023,1887638.24,1666439.2,573529.64,480048.12,15377.76,230224.04,155659.01,3849662.98,2391723.21,1688605.53,1187633.07,7999.67,1129.8,1846037.86,618313.55,228245.56,7,G,Башкортостан
2023,89553.62,47118.03,34277.82,6017.24,4630.79,3652.62,4191.37,122756.21,93204.91,29639.29,19276.45,85.3,15.57,34299.81,19890.07,5254.57,2,F,Башкортостан
2023,138382.86,82246.98,47919.39,9498.69,53026.44,4470.28,4414.07,405940.04,341944.64,55438.54,45770.51,992.77,280.51,158402.05,54722.29,17931.74,28,C,Москва
2023,500065.32,161272.88,167434.53,30005.72,58870.94,78684.75,32244.28,228677.12,219653.91,20972.24,17795.62,10355.5,561.42,110183.25,23900.74,13585.22,18,H,Москва
2023,8337.99,6433.09,4481.39,1510.79,157.68,41.18,498.37,34704.14,22911.82,12001.92,8251.63,22.31,14.67,16021.72,7352.33,2561.42,2,C,Санкт-Петербург
2023,435337.92,163179.05,111181.31,27523.1,24240.81,5201.31,23166.18,276757.87,204065.44,62313.69,59975.48,1897.58,468.52,105567.66,59671.88,12272.59,18,H,Нижегородская обл.
2023,258871.59,150796.93,158702.19,41214.26,5510.51,211.59,0.0,282247.9,209162.52,89385.15,66345.93,179.05,0.0,123932.9,29860.29,17808.08,2,Q,Санкт-Петербург
2023,409554.65,157844.25,212717.59,35116.88,17263.18,8157.71,26959.69,598610.76,548076.36,56330.8,54281.62,115.01,640.34,257830.35,85188.74,36697.24,2,K,Башкортостан
2023,490231.97,226325.38,270070.46,1299.81,59396.89,4205.32,36921.06,679691.04,527784.07,152006.41,106852.11,186.46,725.98,270228.78,97079.48,45937.7,3,M,Челябинская обл.
2023,58141944.36,24676059.55,21189672.23,3396478.05,6860821.46,34885166.62,2611863.35,143465251.69,98885913.0,45855522.3,24615733.5,978787.11,202546.96,57230660.11,21285538.38,7286052.67,11,C,Москва
2023,44200.32,20279.93,17768.84,2738.86,915.48,1807.7,1751.85,38854.1,32476.96,4297.15,3559.17,84.87,66.84,25004.27,5953.02,1233.75,7,H,Ростовская обл.
2023,49053.46,23012.53,12166.33,5024.76,10022.26,951.59,2853.55,83370.46,61655.47,19515.45,15804.11,515.42,10.13,41762.86,16452.58,3397.35,7,G,Москва
2023,28233.95,13206.7,10080.66,0.0,2028.06,934.26,3134.31,31545.13,20742.85,-13849.79,-4986.17,0.96,18.4,21074.2,3553.22,1793.56,10,N,Санкт-Петербург
2023,69140.81,46670.05,33134.95,17917.6,2643.47,22823.41,0.0,119547.73,82574.33,35809.82,25171.87,5829.16,0.0,44268.96,12873.22,10325.25,0,F,Москва
2023,23119.72,8884.23,13306.04,1976.58,1289.2,2037.23,1305.29,33391.44,31835.54,3680.31,2855.38,75.25,70.76,13740.69,7073.34,1346.33,0,H,Москва
2023,4190319.66,2443296.67,1203213.34,468893.42,311441.29,228210.1,110688.58,6548557.84,5359476.75,1260265.83,905688.61,50848.59,2616.27,1878044.03,830800.88,432831.83,6,J,Нижегородская обл.
2023,7659331.88,5611945.54,2880975.63,1540621.69,502900.57,1899503.86,554487.7,8679486.27,6863529.48,2186963.13,1626483.96,91969.6,13448.39,2942721.84,753798.04,377027.08,5,H,Нижегородская обл.
2023,31950.66,15113.32,12839.19,5554.03,1703.15,1926.67,1286.55,36935.05,27886.35,9066.05,7987.15,25.37,38.58,22537.45,4644.34,1928.36,8,N,Москва
2023,30848.72,13644.77,7789.47,3406.55,1735.08,1510.28,1013.82,53129.46,42993.15,12942.31,10381.11,259.2,17.59,19540.83,7092.64,4266.72,3,G,Краснодарский край
2023,490668.95,252901.23,240899.76,64718.7,7618.51,13677.2,25131.32,1173360.83,948103.23,248579.77,212086.81,1317.44,859.53,718012.5,267230.74,76603.86,7,G,Татарстан
2023,44625.04,32440.57,14865.55,6178.47,5980.54,2540.89,1036.47,49360.75,39943.55,9450.32,7108.3,319.38,3.57,14594.19,9686.62,1242.61,0,M,Москва
2023,856342.85,495921.97,339585.46,83651.1,53460.66,39131.28,80215.79,827399.0,654873.49,171975.99,127083.02,3345.74,7824.36,260343.66,171582.72,31896.64,9,H,Москва
2023,259630.55,122108.88,94964.05,17331.69,2918.33,35238.44,0.0,526362.29,456292.85,44950.41,28839.38,174.65,0.0,203111.04,100534.5,39542.67,15,G,Нижегородская обл.
2023,4693.26,2921.94,1526.62,332.84,545.58,192.56,386.82,6888.65,5389.06,1674.19,1231.52,39.37,11.57,2849.32,1359.21,363.98,49,C,Краснодарский край
2023,9887774.17,3803393.42,4144506.04,475572.02,2131644.38,1021433.28,305822.68,22343783.26,15243065.61,7055801.36,2691550.11,381818.36,3488.84,11446915.21,2582849.59,603800.47,13,M,Нижегородская обл.
2023,8581631.38,5596973.68,3382251.35,402733.17,2020645.17,70194.37,166479.22,8139472.92,5850308.92,2084866.5,1478531.79,10232.87,876.47,3785481.99,1140095.09,273656.82,6,Q,Краснодарский край
2023,52017.23,31797.67,19526.08,5530.58,1916.22,1325.28,3565.89,31876.07,18555.0,15084.55,11617.75,49.57,56.33,12060.9,3203.68,2042.3,1,J,Татарстан
2023,37496.34,18891.73,12470.7,854.41,436.83,2354.37,124.36,42851.52,41994.49,-629.71,-2185.07,324.61,4.04,17426.36,5976.74,2994.82,7,N,Татарстан
2023,453353.45,192318.03,207791.36,37554.58,26499.08,150358.23,19690.06,461045.05,399392.01,51913.56,38818.81,2958.43,593.26,178928.68,84926.92,23216.89,19,H,Свердловская обл.
2023,526577.35,219581.63,325653.38,38886.49,5032.81,29927.29,3211.91,755216.18,526380.35,267643.32,219928.09,1854.9,46.47,248114.67,118364.4,75148.75,4,G,Ростовская обл.
2023,608693.88,383612.64,265869.25,73559.57,132350.01,79680.32,48978.25,660431.14,496522.38,174327.82,90375.96,8113.63,1395.98,218737.24,142371.81,43907.47,1,C,Санкт-Петербург
2023,21905910.86,16086541.57,11818987.78,2223634.19,355446.88,774123.73,716471.4,47335709.97,33907153.77,13315284.38,10295105.96,51234.59,36124.26,24746559.56,4398870.15,2136278.51,1,K,Башкортостан
2023,75050.8,34103.37,19000.86,14533.11,1749.44,1223.55,2487.51,96939.8,90566.46,7589.95,4390.48,79.9,1.99,22992.52,16965.62,3265.5,11,H,Москва
2023,20739.19,12832.54,9103.08,3706.16,865.98,150.12,1509.58,33356.83,21282.07,12374.0,7857.53,18.12,27.13,19404.86,2921.55,1017.46,4,M,Татарстан
2023,4718.71,1118.08,1360.48,89.93,182.39,206.36,59.98,7616.78,6028.28,1010.89,765.79,0.97,2.56,2937.8,1178.38,431.94,0,K,Свердловская обл.
2023,33076.33,15291.43,8029.91,3037.33,4189.06,681.0,1475.96,54396.26,41838.73,11607.6,10831.65,332.06,34.98,18644.27,10173.01,2188.06,13,Q,Нижегородская обл.
2023,221965.04,121046.67,73531.57,15900.63,10821.04,5092.05,1110.02,327161.97,282237.35,71367.84,58845.98,1090.67,35.1,161610.14,45565.44,27309.8,5,H,Санкт-Петербург
2023,21968052.61,9084832.96,12368626.97,897959.62,329091.31,3770469.55,1252367.27,42304336.11,32557378.03,8352344.59,6533101.37,227702.78,27316.72,24050931.32,7511402.67,3355843.75,4,G,Татарстан
2023,37696.46,15437.6,20129.98,1123.77,937.57,72.22,3178.52,37778.44,22824.94,14352.25,11161.12,52.09,458.92,20089.18,3853.91,2367.25,1,G,Свердловская обл.
2023,267454.12,120309.71,120129.84,25815.74,15224.39,26189.62,32186.76,803242.77,606358.5,175131.62,121605.19,578.43,54.24,377672.87,53669.07,21221.74,2,H,Ростовская обл.
2023,94269.34,55979.86,22254.72,7024.89,1203.09,5397.87,5904.2,124946.71,85311.59,39091.51,27939.56,7.46,119.63,66057.62,22221.96,4567.5,9,N,Самарская обл.
2023,2493560.49,1301390.83,988562.89,335011.94,188685.31,211354.31,191684.78,1930805.04,1521393.19,353117.03,293540.93,33083.13,551.3,479515.9,457987.94,145029.62,0,C,Челябинская обл.
2023,120454970.78,25809322.26,54952039.62,6697585.64,8037995.58,11960220.06,0.0,197415900.84,182297337.82,19923088.63,12227929.88,675519.2,0.0,72612913.71,19780629.67,7647630.62,4,Q,Санкт-Петербург
2023,70087.72,16252.99,30913.2,4711.96,7032.45,3161.99,3090.73,68316.92,41403.98,27586.93,23481.07,186.81,44.78,22468.27,14422.36,4949.07,15,Q,Краснодарский край
2023,33060.57,15173.82,6570.62,1696.57,7341.74,1387.4,2224.08,68786.58,48149.08,23297.99,17086.26,46.92,11.28,37314.24,10467.33,4092.26,8,J,Башкортостан
2023,1853642.01,1146761.17,580489.98,250027.48,360839.65,294064.62,81378.75,8347442.0,6049647.52,1859160.96,1634326.76,2121.07,8094.54,3185819.59,694635.92,426006.34,1,G,Санкт-Петербург
2023,888071.02,122442.15,366161.16,28234.71,207465.65,218475.32,21333.2,894053.55,663241.91,215597.51,193031.18,9137.31,1877.43,451086.36,83526.72,32135.27,8,F,Москва
2023,17909048.79,8507523.02,8674335.7,1208627.6,402109.59,459718.09,720854.64,31547434.51,26941905.51,4249480.5,2461426.25,70385.82,8858.69,14940413.67,4757013.63,1517908.7,14,G,Санкт-Петербург
2023,549596.37,258894.41,85992.41,30616.4,6202.21,6774.43,18774.63,340846.19,259944.84,88666.63,62971.96,1628.5,575.04,113764.0,44233.96,18335.13,0,C,Свердловская обл.
2023,75281.38,57082.16,30153.59,17624.78,2167.7,20604.05,7336.2,140919.02,115776.29,19553.74,13244.46,2585.29,167.93,50914.63,11887.13,9956.04,1,H,Башкортостан
2023,618149.29,304281.96,270233.76,60308.58,111494.67,31942.65,11014.62,592216.98,424869.9,194460.37,109378.64,18114.26,558.63,325353.21,38670.61,19119.9,5,C,Самарская обл.
2023,2590660.11,1573692.2,1352203.95,363330.0,741439.13,249150.89,253832.6,2827789.76,2270693.78,724842.67,475566.38,118028.1,7518.82,968381.51,304451.25,126525.67,6,K,Башкортостан
2023,1491198.52,851755.55,750285.96,97299.37,233975.33,79732.63,31208.84,1282661.13,1100240.76,119000.96,127682.17,11750.48,0.24,554733.96,204828.73,65282.91,1,G,Санкт-Петербург
2023,579610.59,133550.99,283956.19,11012.25,5404.46,9351.35,4940.95,1246920.38,881285.97,335030.44,285828.26,182.76,213.51,426129.89,186639.0,78872.16,8,F,Нижегородская обл.
2023,2054968.25,1367028.76,665824.38,183788.84,484244.49,219463.04,62088.55,5072899.65,4353236.86,584741.03,590632.04,56286.69,2558.85,1971353.06,633798.45,161474.01,8,J,Санкт-Петербург
2023,2929540.18,1705899.01,559658.61,290136.38,129024.85,261808.45,248327.72,4421761.23,3472131.74,1531618.64,1347046.06,4698.47,5310.12,1836728.01,707899.03,104656.92,21,Q,Москва
2023,5019739.46,3143563.12,1871527.88,298205.94,3756.33,136672.96,198023.98,4860613.57,4299436.41,456698.25,315568.82,2182.92,13855.0,1660936.54,981850.44,308548.36,3,K,Ростовская обл.
2023,737315.68,700449.9,398294.85,125529.32,34453.42,53196.53,13392.78,2435184.13,1850394.16,789056.3,579315.24,1163.99,960.6,788890.82,413266.15,47829.49,13,H,Москва
2023,99167.54,23540.69,58232.62,1057.44,374.17,18972.23,1498.58,101657.13,83168.18,12050.84,10250.59,699.92,33.37,45606.17,14631.97,7695.4,0,M,Ростовская обл.
2023,379412.15,306832.31,191704.02,27736.48,23826.93,40641.32,30093.33,192021.42,148996.98,33522.73,27907.7,1251.82,845.44,64428.23,37713.7,9002.25,7,M,Ростовская обл.
2023,3931565.5,1992843.21,1853815.3,465673.45,130001.77,48094.61,58074.74,7376005.25,5682317.88,1440467.44,1023767.52,1490.85,9863.39,2499980.77,752407.74,140508.31,7,N,Самарская обл.
2023,19322.33,11460.06,8995.64,2616.37,991.44,1841.31,354.11,16591.23,13370.76,2518.92,1508.33,85.5,3.77,5410.31,2302.1,670.15,4,F,Москва
2023,504220.82,273879.22,178123.95,40712.11,38311.54,73403.0,62082.33,1233139.59,1028044.74,188577.03,221489.63,11566.57,730.97,508311.48,172572.46,71007.23,13,N,Самарская обл.
2023,55078.08,26788.03,22273.18,2640.73,8949.27,10400.54,1295.63,67909.98,44483.99,21019.33,16039.05,817.78,7.85,34930.87,5986.42,2671.98,0,G,Краснодарский край
2023,248649.47,115503.91,154234.37,11297.17,21571.2,29595.36,9311.63,501649.06,463204.36,17893.6,13257.57,5389.09,631.91,286267.47,64715.88,25283.41,6,O,Башкортостан
2023,4443808.4,2663735.67,1363773.87,399929.39,202370.16,88334.6,207680.23,13359956.73,7936264.48,6197549.04,4918375.76,3168.64,8501.31,4641358.41,617924.93,865746.14,0,G,Челябинская обл.
2023,254118.77,81933.98,155971.35,18972.75,34796.48,37766.28,6121.99,207135.32,147380.67,72429.19,54385.09,662.83,20.51,131537.37,50874.28,9519.15,10,O,Ростовская обл.
2023,209066.25,138524.55,79728.8,35221.2,39472.13,28378.53,19016.76,235022.82,181102.26,65075.87,51717.59,2907.49,2284.6,75096.73,24237.74,7346.54,0,Q,Татарстан
2023,3391.73,1653.71,1963.99,231.98,34.61,10.07,259.45,4872.01,4001.07,998.59,933.11,1.39,10.22,2574.15,1117.18,214.47,11,C,Челябинская обл.
2023,749831.41,285303.05,188344.3,25026.96,45538.39,47743.2,23292.92,2412995.15,2262465.88,161718.69,123723.56,5034.02,1328.12,839312.96,366544.16,188929.81,12,Q,Челябинская обл.
2023,571221.86,275613.44,280074.93,55516.12,15299.17,27753.89,7113.94,613135.72,364307.37,233590.98,149609.13,3407.49,10.53,204117.59,109287.28,51320.25,16,C,Ростовская обл.
2023,37921156.63,28007519.0,12574184.7,3196139.71,146237.91,5036912.15,4942386.43,42024691.18,30645690.22,9376193.47,7131558.48,360627.32,104252.51,14520555.55,5276620.65,403499.09,2,F,Самарская обл.
2023,126792.72,59554.51,31719.47,8250.67,11201.05,3705.18,5614.77,240236.52,136290.18,108306.58,78443.4,2125.5,202.02,99639.35,38533.09,17253.92,6,H,Татарстан
2023,549775.81,331937.07,245323.21,94941.33,87352.89,58961.94,67655.18,614553.64,481295.18,97195.52,92420.1,3715.84,1589.13,293754.93,112171.09,33802.27,1,Q,Москва
2023,367645.54,161895.12,198946.46,39853.6,5229.83,107832.67,0.0,591926.34,477784.21,84725.73,77992.94,1306.77,0.0,288260.32,108457.25,40534.91,16,H,Нижегородская обл.
2023,9760815.81,6478139.03,3109864.51,1247935.39,1306790.55,1872331.06,723764.86,6703349.14,6294978.26,794789.89,630191.29,127250.36,36978.38,2182620.53,1265181.2,261365.16,9,J,Санкт-Петербург
2023,74715.57,48776.28,17940.56,3816.57,11476.42,22810.23,10492.58,337259.8,267131.17,102179.26,64020.59,201.21,147.61,108271.89,44377.78,4935.71,3,K,Татарстан
2023,277826.38,229843.36,113625.05,45258.85,54617.88,128021.73,18112.61,211271.02,186848.62,28576.99,18086.18,3112.85,1026.05,69367.91,26616.35,13033.26,10,Q,Москва
2023,587367.61,307584.1,240531.59,81513.66,14485.55,756.12,26596.92,746036.49,625464.84,161844.52,126532.44,177.61,141.89,305027.88,52439.79,23261.76,0,M,Татарстан
2023,215403.55,140076.55,104642.69,21004.38,40373.83,25197.67,16491.31,316167.69,232849.66,79431.57,65162.38,1656.06,156.3,126145.99,55696.4,7029.72,3,F,Самарская обл.
2023,50689.44,28624.84,27065.69,8246.5,1567.88,3238.79,1902.76,196775.13,125759.76,57854.32,42525.54,28.34,2.53,63948.46,40165.53,4650.18,3,G,Свердловская обл.
2023,229486.12,170825.05,94747.97,48415.17,14755.35,54114.87,13883.92,176517.43,142537.87,39382.51,28449.13,111.43,188.78,78896.3,40740.06,10947.31,29,C,Москва
2023,1316239.59,582008.43,845895.06,182226.04,5457.4,45821.66,46404.17,5294300.91,3339591.0,2105409.35,1492449.09,2741.95,665.28,3421478.39,874928.92,279481.11,16,J,Свердловская обл.
2023,15647.79,10354.94,6993.12,2116.75,56.17,7444.97,645.68,34087.06,31002.89,3206.32,2491.93,353.4,31.69,12596.14,3806.71,2237.79,11,F,Санкт-Петербург
2023,164489.38,85665.31,62247.52,19445.28,16768.7,18774.72,14882.75,302292.07,230888.8,67739.85,33468.13,2189.89,472.74,113857.95,19692.88,19159.73,23,G,Свердловская обл.
2023,30377.94,16415.38,6884.0,4811.92,1428.62,5751.04,2095.66,27699.1,24915.83,4115.89,2666.44,387.68,36.09,13183.83,5597.53,1151.77,3,N,Татарстан
2023,6015447.93,3391286.2,2336886.37,731810.79,142497.44,64596.29,390125.74,11940087.5,8739888.01,2611712.55,1840614.6,1256.76,12357.78,4347605.21,718628.16,580175.16,18,G,Краснодарский край
2023,2741.38,1611.48,1040.72,225.45,46.33,66.67,239.33,2848.29,2298.24,439.85,406.82,1.94,0.39,1386.82,378.74,113.28,2,J,Москва
2023,18837.58,10032.25,10082.56,1445.81,1670.55,3211.02,844.1,52941.34,42402.56,7870.25,5370.2,33.86,5.03,18431.3,7347.45,2424.37,9,G,Ростовская обл.
2023,383551.21,223306.19,182377.85,44456.78,12.32,1023.25,11957.55,352109.47,273059.34,80546.12,64570.29,95.86,353.72,212396.65,51593.63,10793.88,13,C,Башкортостан
2023,11342847.91,8923619.32,3158707.57,684933.17,1487579.38,2310677.78,569706.54,15990713.67,11780903.23,3340001.16,2695999.27,260937.43,17526.26,7267419.53,2427232.51,924418.13,0,G,Краснодарский край
2023,248482.72,173395.58,109499.01,29223.97,1641.3,418.86,17358.11,280826.42,230065.81,41152.95,38508.87,23.18,774.77,100535.21,44063.74,20079.77,5,G,Москва
2023,28089.08,19111.06,14060.94,5116.48,477.65,3607.89,696.55,25575.11,17579.91,7092.71,6606.92,85.29,10.78,9235.96,747.61,861.06,0,N,Свердловская обл.
2023,20829950.58,10033142.95,12568037.37,47152.68,813443.62,1135511.09,702162.88,45017521.97,29669088.99,14761835.92,11412370.09,331288.03,27007.91,16594360.06,6785616.93,3404467.79,45,G,Москва
2023,3790.95,1579.36,1995.94,478.17,201.17,430.1,109.03,7391.61,6684.11,157.8,114.08,28.46,3.77,4119.16,284.73,386.36,1,G,Свердловская обл.
2023,646.26,448.05,330.43,120.88,22.67,92.35,101.92,1764.65,1504.74,267.6,187.41,9.29,10.11,517.26,329.3,96.74,3,M,Москва
2023,1080937.34,736558.29,461787.59,105489.02,33440.77,54384.92,0.0,662252.1,520920.32,182633.25,137170.8,1349.57,0.0,233911.3,80956.17,10603.59,10,M,Башкортостан
2023,29553.97,22783.17,13789.81,5091.38,7854.04,405.17,2032.78,75061.17,71046.47,4523.21,3292.52,97.37,48.92,27309.8,3163.69,1039.95,0,M,Москва
2023,13671.11,6280.55,7791.72,1132.08,1122.18,118.43,1278.35,71379.38,53764.62,23115.68,19565.93,95.04,35.31,29867.36,7801.04,3774.71,4,Q,Свердловская обл.
2023,1100416.24,567339.07,286181.63,157946.76,2087.43,117393.25,60881.53,1309791.5,1194883.92,202270.56,167972.99,6917.67,12065.66,514602.71,159134.73,86177.26,5,M,Свердловская обл.
2023,414669.74,126091.69,156773.06,32609.16,18657.74,36590.56,18309.15,1595682.32,1272648.25,385084.97,327713.52,3156.05,123.38,432233.99,334351.26,58357.92,4,G,Краснодарский край
2023,40912.8,20093.48,13390.42,1366.24,6806.29,6655.25,2129.7,53509.67,36254.14,17455.36,16252.93,541.41,47.32,20334.62,8552.55,4462.81,15,M,Ростовская обл.
2023,7271.04,5085.99,3384.66,1154.42,208.68,621.94,304.96,5461.34,5269.12,198.36,199.06,34.44,3.89,2239.39,913.26,353.34,0,H,Санкт-Петербург
2023,1281637.03,615218.7,727491.35,100618.88,10184.42,84427.01,0.0,1641026.52,1442578.96,261118.34,207578.53,6294.79,0.0,586158.62,343074.78,52239.08,2,G,Москва
2023,896488.75,579196.25,312303.59,108093.43,101870.44,54611.51,65059.58,2258797.19,1734525.61,480036.35,437762.27,2462.35,515.53,1103823.47,327961.06,114333.48,8,G,Москва
2023,114588.49,59749.25,15259.0,7274.25,8538.58,368.56,3194.41,112421.94,95864.12,5975.99,4409.09,193.75,4.68,57553.38,21102.66,11190.32,5,F,Челябинская обл.
2023,19837091.61,11874652.73,7350307.2,3798119.14,1340506.7,973143.81,617242.97,21919664.79,16212434.14,6246458.85,5760489.58,237483.65,15738.85,9034438.19,4037450.04,551251.51,18,C,Ростовская обл.
2023,10035.71,3791.96,5315.08,998.06,44.21,4492.64,265.67,20144.26,17382.78,1622.25,1472.0,83.8,3.26,8925.0,1725.89,1220.05,16,F,Нижегородская обл.
2023,4021.13,2263.01,1948.3,273.41,48.7,997.86,463.22,6008.0,3249.68,2469.29,2224.86,41.36,2.79,1225.0,1343.68,261.62,3,C,Москва
2023,28608.27,2898.86,13485.43,212.29,2229.88,1371.65,708.16,57168.74,38761.54,18407.84,14565.91,218.4,8.32,21603.48,4515.47,3666.68,2,N,Челябинская обл.
2023,203587.27,106265.55,78666.28,15849.1,3794.4,21651.15,12011.46,342067.99,300310.38,40130.66,28083.31,12081.19,18.21,178040.29,67000.29,25773.27,0,O,Ростовская обл.
2023,294469.44,89939.51,78480.91,19315.43,16521.4,66406.11,6485.89,558351.05,421574.28,97355.08,59645.23,2369.43,584.63,210864.82,41399.69,23604.43,2,J,Краснодарский край
2023,52313.0,38235.53,25206.25,7617.15,3294.45,3654.15,1122.84,62871.58,50344.68,13047.13,10114.08,194.14,29.31,21770.78,11320.77,4550.53,3,N,Нижегородская обл.
2023,573042.37,381996.41,183308.34,107054.73,15283.59,1246.1,48938.48,959896.18,619441.58,386824.29,372883.72,1528.08,2475.53,621790.89,233346.68,90637.3,12,F,Санкт-Петербург
2023,5428.57,3365.72,3702.78,818.52,1287.54,50.44,696.62,5093.63,4914.26,-108.0,-80.23,109.54,11.5,3065.89,709.8,261.43,0,O,Татарстан
2023,4942004.66,3845625.54,2413975.87,990500.55,730666.28,423520.91,327491.84,14041087.63,12623681.45,2310758.67,2020100.33,75791.2,22953.51,6553782.83,1926187.54,922468.2,2,H,Москва
2023,110848.94,45188.96,38832.85,9315.63,11364.04,46397.5,0.0,120425.47,91515.1,19516.15,17199.08,1796.92,0.0,64294.08,21739.45,4599.19,3,C,Челябинская обл.
2023,4015092.75,3260674.81,1391766.74,224517.36,26083.14,569303.36,457156.33,10532694.62,7789248.02,3858503.03,2878279.87,11653.86,11701.2,2079221.94,1406432.58,530691.78,1,C,Челябинская обл.
2023,202017.8,139357.68,82594.31,22902.62,1813.23,1783.16,22175.15,268151.56,236767.22,25870.34,24265.38,168.74,450.29,91505.34,64601.45,12460.06,11,G,Москва
2023,1306951.14,672448.2,511357.4,178069.11,70974.04,32924.55,3260.88,2156952.95,2110032.85,-60985.97,-22564.69,10853.64,129.28,804552.54,344270.42,142226.71,9,C,Москва
2023,928416.05,668778.02,514361.11,117623.45,13012.9,164379.26,73959.53,1081384.77,946618.3,32465.65,20559.52,19089.6,1855.4,428663.07,144896.39,80123.6,0,G,Москва
2023,532982.08,204694.95,235775.25,45083.5,163256.79,117786.1,26011.32,478420.51,468852.1,8082.05,5415.98,1613.86,247.29,177496.69,58838.89,22871.8,1,C,Башкортостан
2023,798379.0,340367.23,265224.85,52586.78,11023.59,92120.37,32543.72,497802.41,342371.01,161118.35,109823.78,2884.05,153.56,82136.09,51449.16,40158.94,18,G,Москва
2023,4918664.2,2256248.04,3181652.12,220243.77,263007.59,610316.08,118574.28,4329165.99,3022023.31,1288492.17,1057016.56,27290.01,3314.34,1985366.18,513492.12,348934.89,1,G,Санкт-Петербург
2023,311028.45,146386.58,132472.3,24905.11,11265.38,1072.93,23561.83,394622.63,260887.35,122625.06,99915.45,2343.9,474.82,187195.33,52274.21,26414.88,13,Q,Санкт-Петербург
2023,1162489.13,455133.51,595497.57,93176.66,94854.31,245984.81,34497.85,1928038.38,1589043.08,247744.66,204953.92,19311.9,104.42,1118628.35,242196.41,76503.54,1,G,Татарстан
2023,153636.1,112686.31,53313.7,14372.57,1698.05,28621.82,1227.02,379850.02,302953.31,98368.23,83763.48,792.83,18.54,129593.08,44477.11,14344.44,17,G,Челябинская обл.
2023,6120578.91,3128667.58,2837340.48,504163.19,275511.35,220195.48,0.0,7306599.31,5588122.87,1729731.22,1151979.28,654.42,0.0,2432978.36,1862759.49,246615.06,10,K,Башкортостан
2023,28277.39,17047.75,12932.19,1787.34,726.56,4185.01,2994.45,27141.99,23367.24,5865.7,3717.79,204.64,157.55,4125.62,2673.36,1872.34,1,N,Москва
2023,14033657.33,6517894.19,2711893.2,1756830.55,2455373.97,407346.04,892950.45,10176703.59,9191933.09,716877.75,593258.18,14458.16,2120.38,3975461.24,1601117.36,262199.06,15,G,Ростовская обл.
2023,138847.66,38448.24,91893.97,6014.98,460.22,685.9,4047.77,263330.31,165222.33,92383.25,65072.19,103.06,52.03,134327.73,47300.98,16731.15,9,N,Санкт-Петербург
2023,6394.5,3776.01,3676.05,1118.53,1253.45,172.32,277.85,19049.39,13721.33,6104.89,3611.31,99.55,14.42,6835.36,3457.57,540.58,0,G,Краснодарский край
2023,267889.02,70498.14,99744.88,21311.58,38355.84,6325.83,4812.21,752753.57,648884.39,42784.17,38358.63,1378.72,150.91,477505.07,110707.2,50036.22,1,F,Санкт-Петербург
2023,12274.19,6624.44,3531.62,1149.45,346.83,607.0,234.87,26113.84,19147.35,5382.08,5099.05,26.74,2.41,10297.74,3602.79,1314.69,9,G,Москва
2023,1620716.84,558746.58,748296.95,55497.0,201912.22,105422.6,41410.2,3327230.27,2329658.07,1180151.46,1141040.42,34979.66,2318.76,1446344.43,574204.66,255107.97,4,J,Свердловская обл.
2023,33754.23,28626.67,14527.94,375.82,85.63,2877.37,0.0,117673.93,103771.2,7007.43,5623.05,50.42,0.0,33382.88,19219.22,8570.09,14,G,Москва
2023,53046.75,36427.43,24543.68,2267.14,14459.19,4123.03,2033.97,93430.16,60827.71,24104.74,20612.25,266.08,42.09,41924.17,12804.8,7353.08,5,K,Москва
2023,1286.39,727.92,569.86,51.02,76.96,48.72,59.21,2650.91,1987.76,910.81,860.15,17.6,6.67,588.68,190.62,210.0,6,G,Ростовская обл.
2023,73604.98,54435.01,35385.52,15801.26,2127.91,261.49,7435.43,93533.61,76030.14,10985.03,7722.81,197.93,655.73,45772.52,11841.71,4945.37,11,K,Челябинская обл.
2023,505.0,213.64,299.81,40.44,18.19,56.31,20.85,381.28,275.52,109.27,99.79,6.4,0.28,187.76,35.33,10.23,8,G,Свердловская обл.
2023,2461.14,1554.26,1201.46,328.21,13.53,148.78,229.56,2608.3,2238.75,378.57,307.79,1.76,1.04,1450.03,304.24,75.51,0,H,Ростовская обл.
2023,1230772.19,713812.87,361897.9,1689.11,447228.13,52398.38,129163.09,1827707.13,1321637.51,249219.35,221716.85,3863.68,1526.83,581216.59,277192.19,15102.4,19,J,Свердловская обл.
2023,867181.33,511292.72,506006.84,43031.77,2780.86,209888.71,83591.35,1333604.6,1228065.74,87714.11,70375.76,280.45,77.63,581526.57,223961.3,37776.6,1,K,Ростовская обл.
2023,311688.15,230915.11,192272.24,57951.93,26529.44,51366.89,29610.38,1218220.06,934892.98,310640.38,290619.86,1053.75,18.64,580337.69,291182.17,62587.85,5,G,Нижегородская обл.
2023,12022.61,7933.41,9597.01,1610.02,562.39,2813.69,798.99,18679.52,15823.93,3186.51,2570.95,251.19,12.07,8671.56,2300.0,724.89,9,N,Ростовская обл.
2023,187107.7,111012.6,53359.51,18674.94,44520.98,15339.0,4568.47,503259.58,430086.84,95908.01,57729.19,821.54,387.94,167822.01,94980.83,23349.88,3,K,Москва
2023,214685.87,64785.09,96425.27,14588.78,4849.54,3615.3,9354.75,257659.07,184804.94,67862.1,64756.13,552.76,575.52,46585.23,42590.53,15422.01,0,G,Санкт-Петербург
2023,10488.28,4258.17,1784.56,1323.71,637.24,1499.56,854.98,13388.83,7693.91,6171.9,4112.31,31.01,18.37,6087.85,2875.92,588.02,0,Q,Татарстан
2023,8675595.18,4611891.4,4219617.76,748586.54,457008.1,240242.58,555854.49,6659271.63,5434468.93,995281.23,925976.79,17536.22,13889.63,2695340.41,1190753.92,183552.33,6,K,Татарстан
2023,1703608.51,960845.18,603445.33,178284.42,165396.34,118983.44,206615.87,1753448.9,1380365.53,249424.24,191849.85,58072.26,36.89,637085.75,174601.3,85805.59,25,H,Самарская обл.
2023,77276.49,29401.34,50292.58,5745.25,435.43,623.25,248.9,150036.79,125368.13,14933.31,13755.39,14.86,1.81,74477.44,9579.5,4805.71,7,F,Санкт-Петербург
2023,198152.33,180665.69,64804.97,67093.59,3414.72,41486.75,5555.51,296728.08,224726.2,50309.42,46092.1,1060.12,4.18,123292.91,49127.22,13229.4,5,J,Москва
2023,348390.72,270859.54,75704.62,3264.26,6731.39,5627.5,40984.32,832800.33,613738.22,261101.28,217136.3,221.37,1727.02,239913.53,102915.34,64005.32,4,F,Санкт-Петербург
2023,1238.86,793.27,450.26,186.15,132.8,346.99,91.91,2023.49,1983.02,-112.77,-94.84,2.79,0.43,459.04,204.34,90.23,2,G,Москва
2023,125333.14,70287.52,22928.63,12006.22,2102.17,30031.79,12569.3,156765.08,99195.4,59717.68,49608.39,1081.53,766.57,48143.13,13579.17,13390.74,1,G,Челябинская обл.
2023,36590.01,18959.8,18665.73,4272.43,2494.34,2742.97,1878.38,159800.1,136372.62,21302.75,11468.14,124.63,58.09,105356.41,25256.21,12565.52,4,K,Свердловская обл.
2023,14785.24,6020.73,2545.87,767.1,286.69,2420.08,288.52,21045.3,15206.07,5731.22,4551.73,160.66,2.26,10360.13,4743.3,808.43,1,F,Челябинская обл.
2023,111112.04,62402.97,47046.49,10988.09,17580.48,12881.77,5440.57,296497.72,221312.47,95400.58,61635.67,2591.61,28.02,130121.36,38416.14,8235.97,0,M,Татарстан
2023,14450794.29,8506646.2,2466209.86,2015333.76,3295376.34,2817793.2,68384.6,17639571.84,13199510.21,4053378.07,3244901.24,240189.56,2026.62,7088178.07,3166541.55,863437.93,0,G,Башкортостан
2023,620043.4,225532.05,236586.4,96760.65,36251.93,42060.58,7281.2,1318947.33,922810.17,436470.67,280583.82,128.14,504.8,521328.05,191097.9,96370.94,10,H,Краснодарский край
2023,37165.36,22303.92,22938.66,5456.49,1291.4,6872.1,3531.75,88180.42,73817.81,14528.23,9266.19,393.79,134.26,47328.16,7542.15,3544.52,16,M,Ростовская обл.
2023,544697.66,286898.32,252346.3,32177.01,11619.43,40574.28,43713.91,901875.84,828881.95,66138.79,64326.07,148.71,562.01,334542.21,168416.81,61473.49,23,J,Башкортостан
